id,name,is_company,ref,lang,customer_rank,supplier_rank,country_id,zip,city,street,phone,mobile,email,vat,company_registry,comment
soc_47229078,Inddigo,1,411265,fr_FR,1,0,France,73000,Chambery,367 Avenue Du Grand Arietaz,,,,FR95402250427,40225042700026,
soc_47138338,Kalixia,1,411264,fr_FR,1,0,France,75015,Paris,143 Rue Blomet,,06.01.88.79.53,,FR06509626552,50962655200038,
soc_47102682,"Télécom Paris, Établissement de l'IMT",1,411263,fr_FR,1,0,France,91120,Palaiseau,19 Place Marguerite Perey,01.75.31.92.64,,,FR55180092025,180 092 025 00162,
soc_46741772,Semidao,1,411260,fr_FR,1,0,France,38090,Villefontaine,13 Avenue Benoit Frachon,04.74.96.32.20,06.29.73.84.87,,FR51309788719,30978871900057,
soc_46006562,HUTTOPIA TRAVEL,1,411256,fr_FR,1,0,France,69290,Saint Genis les Ollières,Rue du chapoly,07.50.71.88.01,07.50.71.88.01,,,50782303700019,form-search1 || inter-distanciel || https://www.formations-analytics.com/contact/
soc_45408364,CHAMBRE D AGRICULTURE NORMANDIE,1,411253,fr_FR,1,0,France,14000,Caen,6 rue des Roquemonts,07.60.49.60.59,07.60.49.60.59,,,,autre || inter-distanciel || https://www.formations-analytics.com/contact/
soc_42595562,France Travail DR Occitanie,1,411246,fr_FR,1,0,France,31130,Balma,33-43  Bat E 33 avenue Georges Pompidou,06.73.59.53.34,06.73.59.53.34,,,13000548116990,"form-bq1, form-bq2 || inter-distanciel || https://www.formations-analytics.com/contact/"
soc_42486400,Covea Protection Juridique,1,411244,fr_FR,1,0,France,72100,Le Mans,160 Rue Henri Champion,,,,FR74442935227,44293522700292,
soc_42441892,Association Calypso,1,411243,fr_FR,1,0,France,85700,POUZAUGES,6 impasse de la Serge,06.73.24.77.57,06.73.24.77.57,,,,form-gs3 || inter-distanciel || https://www.formations-analytics.com/contact/
soc_42158182,Régie de quartiers Noailles-Belsunce,1,411242,fr_FR,1,0,France,13001,Marseille,39 A rue nationale,,,,,,"form-gs1, form-gs2 || inter-distanciel || https://www.formations-analytics.com/contact/"
soc_41810762,GMBA&CO,1,411236,fr_FR,1,0,France,75008,PARIS,10 Place Madeleine,01.86.90.60.24,01.86.90.60.24,,,,form-ma1 || inter-distanciel || https://www.formations-analytics.com/contact/
soc_41428902,Recyclivre,1,411228,fr_FR,1,0,France,75009,Paris,7 rue de la Boule Rouge,01.83.62.12.21,01.83.62.12.21,,FR70508610466,50861046600031,form-ga2 || inter-distanciel || https://www.formations-analytics.com/contact/
soc_41136658,ICADE Promotion,1,411227,fr_FR,1,0,France,92800,Puteaux,TOUR HYFIVE 1 Avenue du Général de Gaulle,06.20.59.59.88,06.20.59.59.88,,FR86784606576,78460657600907,"form-gtm1, form-gtm2 || intra-distanciel || https://www.formations-analytics.com/contact/"
soc_40790084,France Travail DR Nouvelle Aquitaine,1,411224,fr_FR,1,0,France,33100,Bordeaux,87 rue Nuyens,,,,FR19130005481,13000548119424,"form-bq1, form-bq2 || inter-distanciel || https://www.formations-analytics.com/contact/"
soc_39845502,Sésame,1,411219,fr_FR,1,0,France,75009,Paris,"18, rue de Londres",01.45.85.69.85,01.45.85.69.85,,FR76418001798,41800179800036,form-genai2 || inter-distanciel || https://www.formations-analytics.com/contact/
soc_39388898,Prevor,1,411216,fr_FR,1,0,France,95760,Valmondois,Ld Moulin De Verville,,,,FR81718201312,71820131200011,
soc_38366436,GEMO SERVICES,1,411212,fr_FR,1,0,France,49110,MONTREVAULT SUR EVRE,"Route de Chaudron en mauges, Saint Pierre Montlimart",06.62.06.28.16,06.62.06.28.16,,,,form-bq1 || inter-distanciel || https://www.formations-analytics.com/contact/
soc_38129634,Saint Etienne Métropole,1,411211,fr_FR,1,0,France,42000,Saint-Etienne,2 Avenue Gruner,06.18.67.05.09,06.18.67.05.09,,FR25244200770,24420077000117,"form-ma1, form-pw1, form-pw2, form-gtm1, form-gtm2, form-gtm3, form-sgtm1 || intra-presentiel || https://www.formations-analytics.com/contact/"
soc_38015216,FORMACTIF SIMULAGE,1,411210,fr_FR,1,0,France,34130,Valergues,176 av Mas de Baron,06.99.13.77.72,06.99.13.77.72,,,,form-gtm1 || inter-distanciel || https://www.formations-analytics.com/contact/
soc_37277526,Groupe Logis Hotels,1,411209,fr_FR,1,0,France,75013,Paris,83 Avenue D'italie,,,,FR24784360919,78436091900020,
soc_37275954,Logis International Services,1,411208,fr_FR,1,0,France,75013,Paris,83 Avenue D'italie,,,,FR83345210058,34521005800029,
soc_36691560,BONNEFON LOGISTIQUE,1,411204,fr_FR,1,0,France,44340,BOUGUENAIS,13 rue du Moulin Cassé,02.40.75.63.91,02.40.75.63.91,,,,form-search1 || inter-distanciel || https://www.formations-analytics.com/contact/
soc_36559918,Autorité des marchés financiers,1,411203,fr_FR,1,0,France,75002,Paris,"17, place de la Bourse",01.53.45.60.14,01.53.45.60.14,,,,autre || inter-distanciel || https://www.formations-analytics.com/contact/
soc_36517956,CODIR,1,411202,fr_FR,1,0,France,78550,Bazainville,Les Hédauves Avenue de Paris,01.30.46.81.54,,,,,
soc_36452076,Hg3,1,411200,fr_FR,1,0,Belgique,4031,Liège,3 Rue des Chasseurs Ardennais,,+32 4 325 24 54,,,,
soc_35109820,Institut Catholique De Lille,1,411197,fr_FR,1,0,France,59800,Lille,60 Boulevard Vauban,,03.59.31.50.14,,FR66775624240,77562424000013,
soc_32152508,Auvergne-rhone-alpes Orientation,1,411188,fr_FR,1,0,France,69002,Lyon,1 Rue Jacqueline Et Roland De Pury,,,,FR19880331715,88033171500065,
soc_32086754,L’Occitane International SA,1,411187,fr_FR,1,0,Suisse,1228,Plan-les-Ouates (GE),Chemin Pré Fleuri 5 CP 165,,,,,,
soc_31446708,Kuhn Sas,1,411186,fr_FR,1,0,France,67700,Saverne,4 Impasse Des Fabriques,,03.88.01.65.68,,FR67675580542,67558054200016,form-pw2 || inter-distanciel || https://www.formations-analytics.com/contact/
soc_31170854,Opco Mobilites,1,411184,fr_FR,1,0,France,92100,Boulogne-billancourt,"65, quai Georges Gorse",,07.62.71.95.88,,FR84851240499,85124049900331,
soc_30950546,Sogedif,1,411181,fr_FR,1,0,France,75013,Paris,92 Avenue De France,01.44.16.05.12,,,FR23377768379,37776837900051,
soc_30851780,Editis,1,411180,fr_FR,1,0,France,75013,Paris 13,92 Av De France,,,,FR91478162464,47816246400042,
soc_30829936,Holding ABCM,1,411179,fr_FR,1,0,France,95610,Eragny,196 Rue De L'ambassadeur,,,,,,
soc_30461822,Dinmo,1,411178,fr_FR,1,0,France,75008,Paris,60 Rue Francois Ier,,,,FR91914591557,91459155700014,
soc_30044764,Ocapiat,1,411177,fr_FR,1,0,France,75016,Paris,153 Rue De La Pompe,,,,FR80844752006,84475200600024,
soc_28306684,COOPERL ARC ATLANTIQUE,1,411168,fr_FR,1,0,France,22400,LAMBALLE-ARMOR,7 rue de la Jeannaie Maroué,,02.96.30.71.42,,,,form-as1 || intra-presentiel ||
soc_27706372,Miléade,1,411163,fr_FR,1,0,France,43100,Brioude,5 avenue Victor Hugo,06.27.67.13.69,06.27.67.13.69,,,,"form-ga3, form-sgtm1 || intra-distanciel ||"
soc_26612719,Imosteo,1,411159,fr_FR,1,0,France,35000,Rennes,"2, rue de la Mabilais",06.60.28.86.73,06.60.28.86.73,,,,form-make1 || inter-distanciel ||
soc_26015107,CIBC Auvergne Rhone-Alpes,1,411152,fr_FR,1,0,France,69003,Lyon,11 Rue Guilloud,,07.87.97.11.82,,FR30830379079,83037907900023,
soc_25861477,Display Interactive,1,411150,fr_FR,1,0,France,92120,Montrouge,106 Avenue Marx Dormoy,,06.17.65.35.61,,FR24494141187,49414118700034,
soc_25624077,GIE RAMSAY HOSPITALISATION,1,411145,fr_FR,1,0,France,75017,Paris,39 rue Mstislav Rostropovitch,01.75.39.83.41,01.75.39.83.41,,,,form-gtm3 || inter-distanciel ||
soc_25521737,HYDRO BUILDING SYSTEMS FRANCE,1,411143,fr_FR,1,0,France,31000,Toulouse,270 rue Léon Joulin,05.61.31.24.10,05.61.31.24.10,,FR88451221295,45122129500012,form-gmt3 || inter-distanciel ||
soc_24883779,La Boutique Officielle,1,411142,fr_FR,1,0,France,69630,CHAPONOST,84 route de la gare,07.57.48.56.01,07.57.48.56.01,,FR71451876783,45187678300064,form-ls2 || inter-distanciel ||
soc_24144525,Schiever Distribution,1,411138,fr_FR,1,0,France,89200,Avallon,ZI rue de l'Etang,03.86.32.94.30,03.86.32.94.30,,,,form-as1 || intra-presentiel ||
soc_23750447,Laboratoire de Dermocosmétique Active Docteur PIERRE RICAUD,1,411136,fr_FR,1,0,France,92130,ISSY LES MOULINEAUX,"7, chemin de Bretagne",01.41.08.50.08,,,FR43329868848,32986884800303,form-ga1 || inter-distanciel ||
soc_23393705,ALTEN SUD OUEST,1,411134,fr_FR,1,0,France,31300,TOULOUSE,7 rue Alain Fournier  ZAC de Saint Martin du Touch,,,,FR51404191447,40419144700113,form-as2 || inter-distanciel ||
soc_23072733,Macif Finance Epargne,1,411131,fr_FR,1,0,France,79000,Niort,9 rue des Iris - Bessines,,06.21.03.28.87,,FR24315652263,31565226300072,
soc_22416775,Veolia Recherche et Innovation,1,411125,fr_FR,1,0,France,78600,Maison-Laffitte,Chemin de la Digue,06.15.79.89.06,06.15.79.89.06,,,,form-bq1 || inter-distanciel || https://www.formations-analytics.com/contact/
soc_19753167,Fittingbox,1,411116,fr_FR,1,0,France,31670,Labège,209 rue de l’Innovation,09.71.00.71.00,09.71.00.71.00,,,,"form-ga1, form-ls1 || inter-distanciel || https://www.formations-analytics.com/contact/"
soc_19611179,Marco Vasco,1,411111,fr_FR,1,0,France,75015,Paris,101 rue de l'Abbé Groult,01.73.10.98.00,01.73.10.98.00,,,,form-gtm1 || inter-distanciel || https://www.formations-analytics.com/contact/
soc_19514783,FEDERATION INTERNATIONALE DES LOGIS,1,411110,fr_FR,1,0,France,75013,PARIS 13,83 AV D'ITALIE,,,,FR24784360919,78436091900020,
soc_19144592,ROOFMART FRANCE,1,411105,fr_FR,1,0,France,76410,TOURVILLE LA RIVIERE,ZONE DU MOULIN,,06.76.72.85.51,,FR75444783724,44478372400016,Client apporté par Fabrice Parizel
soc_19090005,ORANGE SA,1,411104,fr_FR,1,0,France,94110,Arcueil,1 avenue du Président Nelson Mandela,06.78.36.15.52,06.78.36.15.52,,,,form-ls1 || inter-distanciel ||
soc_18848340,Innocean France,1,411101,fr_FR,1,0,France,92300,LEVALLOIS-PERRET,155 RUE ANATOLE FRANCE,,07.63.17.27.62,,FR51519306294,51930629400025,form-genai2 || inter-distanciel || https://www.formations-analytics.com/contact/
soc_18787470,SONATEL SA,1,41199,fr_FR,1,0,Sénégal,BP 69,DAKAR,"Siege social 64, voie de dégagement Nord",,,,,NINEA 00180612G3,
soc_18736183,SC GALEC,1,41194,fr_FR,1,0,France,94200,Ivry sur Seine,26 quai Marcel Boyer,01.49.87.51.74,01.49.87.51.74,,FR36642007991,64200799100069,form-as1 || inter-distanciel || https://www.formations-analytics.com/formations/formation-google-apps-script/
soc_18618974,Vanguard Internet Sa,1,41152,,1,0,France,1005,Lausanne,Avenue de Rumine 20,,,,,,
soc_18618973,VEOLIA INDUSTRIES GLOBAL SOLUTIONS - DAF - Fournisseurs,1,41151,fr_FR,1,0,France,68070,MULHOUSE,SERVICE DAF - Comptabilité Fournisseurs,,,,,,form-bq1 || inter-distanciel || https://www.formations-analytics.com/contact/
soc_18618972,Veolia Eau - CGE,1,41150,fr_FR,1,0,France,13016,MARSEILLE 16EME ARRONDISS,"1, rue Albert Cohen",06.19.98.22.90,06.19.98.22.90,,,,form-bq1 || inter-distanciel || https://www.formations-analytics.com/contact/
soc_18618971,Katana SA,1,41149,,1,0,France,1227,Carouge,Route des Jeunes 49,,,,,,
soc_18618969,Business & Decision Interactive Eolas,1,41148,,1,0,France,38000,GRENOBLE,29 rue servan,,,,,,
soc_18618968,CAST,1,41147,,1,0,France,92190,MEUDON,3 rue marcel allegot,,,,,,
soc_18618967,ARTHUS BERTRAND,1,41146,,1,0,France,91120,PALAISEAU,40 rue de la fromenterie,,,,,,
soc_18615884,ACTALIANS,1,41138,,1,0,France,75001,PARIS 1ER ARRONDISSEMENT,4 Rue du Colonel Driant,,,,,,
soc_18615883,Opcalia,1,41137,,1,0,France,44000,NANTES,Europarc La Chantrerie,,,,,,
soc_18615882,FAFIEC,1,41136,,1,0,France,75013,PARIS 13EME ARRONDISSEMENT,25 quai Panhard et Levassor,,,,,,
soc_18615881,Opcalia ILE DE FRANCE,1,41135,,1,0,France,75009,PARIS 9EME ARRONDISSEMENT,47 rue de la Victoire,,,,,,
soc_18615880,COWORKEES,1,41134,,1,0,France,74000,ANNECY,57 RUE JEAN BAUD,,,,,,
soc_18615879,We Wall,1,41133,,1,0,France,59780,WILLEMS,2 rue d’hem,,06.20.19.34.57,,,,
soc_18570140,PARX Werk AG,1,41126,,1,0,France,8003,Zürich,Birmensdorferstrasse 108,,,,,,
soc_18570139,Movify SRL,1,41125,,1,0,France,1160,Auderghem,Clos Lucien Outers 11,,,,,,
soc_18570137,AEGIDE SAS,1,41124,,1,0,France,75116,PARIS 16EME ARRONDISSEMENT,42 Avenue Raymond Poincaré,,,,,,
soc_18570135,FIDUCIAL Bureautique,1,41123,,1,0,France,69009,LYON 9EME ARRONDISSEMENT,38 rue Sergent Michel Berthet,,,,,,
soc_18570133,Ecole Supérieure d’Ostéopathie,1,41121,,1,0,France,77420,CHAMPS SUR MARNE,8 rue Alfred Nobel,,,,,,
soc_18570131,Transports Publics Genevois,1,41120,,1,0,Suisse,1212,Grand-Lancy,Route de la Chapelle 1,,,,,,
soc_18570129,AWITEC,1,41118,,1,0,France,97231,LE ROBERT,RES CADENCE APT D37,,,,,,
soc_18570128,Audemars Piguet (Marketing) SA,1,41117,,1,0,France,CH - 1348,Le Brassus,Route de France 16,,,,,,
soc_18570127,CITADELLE SERVICES,1,41116,,1,0,France,97232,LE LAMENTIN,Immeuble TOYOTA - ZI LEs Mangles,,,,,,
soc_18570124,CIELA VILLAGE – GROUPE GB,1,41113,,1,0,France,83150,BANDOL,Le Pergolèse - 1155 Avenue Deï Reganeu,,,,,,
soc_18570123,Cultura,1,41112,,1,0,France,33700,MERIGNAC,17 Rue Archimède,,,,,,
soc_18570122,ELCA Informatique SA,1,41111,,1,0,France,1007,Lausanne,Av. de la Harpe 22-24,,,,,,
soc_18570121,T.R.B. INTERNATIONAL SA,1,41110,,1,0,France,1228,Plan-les-Ouates,chemin du Pré-Fleuri 5,,,,,,
soc_18570119,D’Home Productions,1,4118,,1,0,France,75005,PARIS 5EME ARRONDISSEMENT,24 rue Henri Barbusse,,,,,,
soc_18570116,Lememo.com,1,4115,,1,0,France,34000,MONTPELLIER,Immeuble Business PLAZA,,,,,,
soc_18570115,Solar Screen International S.A.,1,4114,,1,0,France,L-8279,HOLZEM,"22, route de Capellen",,,,,,
soc_18470535,CCI de région Auvergne-Rhône-Alpes,1,CL00452,fr_FR,1,0,France,,LYON 2EME ARRONDISSEMENT,,04.72.11.41.35,,,FR48130022692,130022692,
soc_18470534,Studio Plune Nantes,1,CL00451,fr_FR,1,0,France,,CARQUEFOU,,02.40.56.87.55,,,FR00801070228,801070228,
soc_18470533,AXIALYS,1,CL00450,fr_FR,1,0,France,92400,Courbevoie,130-190 Boulevard de Verdun Energy pak 4,01.70.20.02.26,,,,,
soc_18470532,Inelis,1,CL00449,fr_FR,1,0,France,50000,ST LO,123 rue Guillaume Fouace,02.58.17.00.23,,,FR23429139579,429139579,
soc_18470531,PHODE,1,CL00448,fr_FR,1,0,France,,TERSSAC,,05.63.77.80.65,,,FR56791046881,791046881,
soc_18470530,Soledis,1,CL00447,fr_FR,1,0,France,56000,Vannes,9 avenue Georges Pompidou,,,,FR59498898014,498898014,
soc_18470529,Vivaticket,1,CL00446,fr_FR,1,0,France,86360,Chasseneuil du Poitou,3 avenue Gustave Eiffel,05.49.62.64.52,,,FR90343670832,343670832,
soc_18470528,SPORT-DECOUVERTE,1,CL00445,fr_FR,1,0,France,,LA CIOTAT,,,,,FR26445101512,445101512,
soc_18470527,SALAÜN HOLIDAYS,1,CL00444,fr_FR,1,0,France,29590,PONT DE BUIS LES QUIMERCH,38 Rue de Quimper,02.98.73.76.71,,,FR70319394797,319394797,
soc_18470526,Mermoz 2,1,CL00443,fr_FR,1,0,France,,PARIS,,,,,FR43442223269,442223269,
soc_18470524,Hefed Développement,1,CL00440,fr_FR,1,0,France,,LE SUBDRAY,,02.48.66.73.30,,,FR40540090933,540090933,
soc_18470523,RESEAU ETUDIANT POUR UNE SOCIETE ECOLOGIQUE ET SOLIDAIRE,1,CL00439,fr_FR,1,0,France,,PARIS,,,,,FR39510614217,510614217,
soc_18470522,Passedevant,1,CL00438,fr_FR,1,0,France,,NANTES,,,,,FR09841367717,841367717,
soc_18470521,WE ALL BLOOM,1,CL00437,fr_FR,1,0,France,,BELLEY,,,,,FR48830734687,830734687,
soc_18470516,Amphenol SOCAPEX,1,CL00432,fr_FR,1,0,France,,THYEZ,,,,,FR59035650167,35650167,form-genai2 || inter-distanciel || https://www.formations-analytics.com/contact/
soc_18470515,SA COOPERATIVE DES PARFUMEURS PASSION BEAUTE,1,CL00431,fr_FR,1,0,France,,FONTENAY SOUS BOIS,,01.41.79.64.36,,,FR11412652679,412652679,
soc_18470513,NOA NETWORK,1,CL00429,fr_FR,1,0,France,,SCHILTIGHEIM,,06.26.30.42.30,,,FR07832064802,832064802,form-genai2 || inter-distanciel || https://www.formations-analytics.com/contact/
soc_18470512,PLUS QUE PRO DIGITAL,1,CL00428,fr_FR,1,0,France,,OBERNAI,,06.26.30.42.30,,,FR93897956090,897956090,
soc_18470511,Imerys Ceramics France,1,CL00427,fr_FR,1,0,France,,POIGNY,,06.70.77.12.86,,,FR63490096591,490096591,
soc_18470510,PAM STUDIO,1,CL00426,fr_FR,1,0,France,,TOULOUSE,,,,,FR08750050106,750050106,
soc_18470509,EM Normandie,1,CL00425,fr_FR,1,0,France,,LE HAVRE,,02.31.46.94.49,,,FR42479806630,479806630,form-genai2 || inter-distanciel || https://www.formations-analytics.com/contact/
soc_18470508,APAVE SA,1,CL00424,fr_FR,1,0,France,92400,COURBEVOIE,6 rue du Général Audran,,,,FR20527573141,527573141,
soc_18470507,FGP Solutions,1,CL00423,fr_FR,1,0,France,,RIBEAUVILLE,,03.89.73.18.59,,,FR03449152289,449152289,
soc_18470506,WITT GROUP France,1,CL00422,fr_FR,1,0,France,,VILLENEUVE D ASCQ,,03.20.20.11.82,,,FR40428625032,428625032,
soc_18470505,CIMES pour MICHAEL PAGE ADVERTISING,1,CL00421,fr_FR,1,0,France,,Sophia Antipolis Cedex,,01.74.70.00.82,,,FR65340512342,340512342,
soc_18470504,ISAGRI SAS,1,CL00420,fr_FR,1,0,France,,TILLE,,,,,FR63327733432,327733432,
soc_18470501,ECOLHUMA,1,CL00417,fr_FR,1,0,France,,PARIS,,,,,FR82752909432,752909432,
soc_18470500,Christaud,1,CL00416,fr_FR,1,0,France,,ECHIROLLES,,07.85.52.91.04,,,FR90061501615,61501615,
soc_18470499,Business & Decision University,1,CL00415,fr_FR,1,0,France,,Paris La Défense Cedex,,01.56.21.21.21,,,FR49381837764,381837764,
soc_18470496,VISIPERF,1,CL00411,fr_FR,1,0,France,,AUDINCOURT,,,,,FR88803825025,803825025,
soc_18470495,Addinsoft,1,CL00410,fr_FR,1,0,France,,PARIS,,,,,FR70429102767,429102767,
soc_18470494,AGRO SERVICE 2000,1,CL00409,fr_FR,1,0,France,,MENAT,,04.73.52.78.93,,,FR19433159290,433159290,
soc_18470493,SAS Inlead,1,CL00408,fr_FR,1,0,France,,NANTES,,02.52.35.02.02,,,FR95818792095,818792095,
soc_18470492,QWERTYS,1,CL00407,fr_FR,1,0,France,,PARIS,,,,,FR78832232474,832232474,
soc_18470491,SAS Texdecor,1,CL00406,fr_FR,1,0,France,59780,Willems,2 Rue d'Hem,,,,FR65301420469,301420469,
soc_18470490,PLUS QUE PRO STUDIO,1,CL00405,fr_FR,1,0,France,,SCHILTIGHEIM,,03.88.95.33.55,,,FR37904763208,904763208,
soc_18470489,EI MICHAEL LAZARO,1,CL00404,fr_FR,1,0,France,,VEDENE,,04.84.51.01.76,,,FR86512814807,512814807,
soc_18470488,Hopening,1,CL00403,fr_FR,1,0,France,,PUTEAUX,,,,,FR92349611921,349611921,
soc_18470487,HELLOWORK,1,CL00402,fr_FR,1,0,France,,RENNES,,02.30.05.07.72,,,FR69428843130,428843130,
soc_18470486,Fondation du patrimoine,1,CL00401,fr_FR,1,0,France,92200,Neuilly-sur-Seine,"153 bis, avenue Charles de Gaulle",06.42.06.77.88,06.42.06.77.88,,FR95413812827,413812827,form-perso || intra-distanciel ||
soc_18470485,Holding AEGIDE SAS,1,CL00400,fr_FR,1,0,France,,TOURS,,01.83.75.84.73,,,FR96401397765,401397765,
soc_18470483,Macif,1,CL00398,fr_FR,1,0,France,79060,NIORT Cedex 9,TSA 77221,,04.72.72.68.37,,,,
soc_18470480,APERAM STAINLESS FRANCE,1,CL00395,fr_FR,1,0,France,,ISBERGUES,,,,,,501651616,
soc_18470479,Derbigum/Imperbel,1,CL00394,fr_FR,1,0,France,,Beersel,,0474593012,,,,,
soc_18470478,Skilz,1,CL00393,fr_FR,1,0,France,,HERICOURT,,,,,FR02487990830,487990830,
soc_18470477,OptimEurope Holding,1,CL00392,fr_FR,1,0,France,,PARIS,,06.33.23.16.34,,,FR54844508010,844508010,
soc_18470476,Groupe SAMSE,1,CL00391,fr_FR,1,0,France,,GRENOBLE,,,,,FR32056502248,56502248,
soc_18470473,OPCO 2i,1,CL00388,fr_FR,1,0,France,75008,PARIS,23 Rue Balzac,,,,,,
soc_18470472,Codes Rousseau,1,CL00387,fr_FR,1,0,France,,LES SABLES D OLONNE,,02.51.23.11.36,,,FR58486580210,486580210,
soc_18470471,Yelloh ! Village - Europe Plein-Air,1,CL00386,fr_FR,1,0,France,,AIGUES MORTES,,04.66.73.63.18,,,FR39432366839,432366839,
soc_18470469,VACANCES BLEUES GESTION,1,CL00384,fr_FR,1,0,France,,MARSEILLE 6EME ARRONDISSE,,04.91.00.96.87,,,FR95451238240,451238240,
soc_18470467,TRINOV,1,CL00382,fr_FR,1,0,France,,PARIS,,,,,FR22498582493,498582493,form-genai2 || inter-distanciel || https://www.formations-analytics.com/contact/
soc_18470466,INCINÉRIS SASU,1,CL00381,fr_FR,1,0,France,,VILLENEUVE D ASCQ,,,,,FR68805018959,805018959,
soc_18470463,Abbeal,1,CL00378,fr_FR,1,0,France,,PARIS,,,,,FR10790172928,790172928,
soc_18470462,AVERY DENNISON,1,CL00377,fr_FR,1,0,France,38560,Champ-sur-Drac,Zone industrielle,04.76.33.76.61,,,FR59781596754,781596754,
soc_18470455,SHIGETA SAS,1,CL00370,fr_FR,1,0,France,,PARIS,,,,,FR89519493258,519493258,
soc_18470452,Persistent Systems Switzerland AG,1,CL00367,fr_FR,1,0,Suisse,,Zürich,,,,,,,
soc_18470450,Lodgis,1,CL00365,fr_FR,1,0,France,,PARIS,,01.73.01.81.75,,,FR42423936376,423936376,
soc_18470445,Weglio,1,CL00360,fr_FR,1,0,France,,BORDEAUX,,,,,FR42824747166,824747166,
soc_18470444,ADLPartner,1,CL00359,fr_FR,1,0,France,,MONTREUIL,,,,,FR91393376801,393376801,
soc_18470440,SEJER,1,CL00355,fr_FR,1,0,France,,PARIS,,01.45.87.43.13,,,FR58393291042,393291042,
soc_18470439,Logic Design,1,CL00354,fr_FR,1,0,France,,BOULOGNE BILLANCOURT,,01.46.04.96.74,,,FR79347962755,347962755,
soc_18470438,GALERIES LAFAYETTE HAUSSMANN,1,CL00353,fr_FR,1,0,France,,PARIS,,01.42.82.88.44,,,FR59824041529,824041529,
soc_18470437,OPCOMMERCE,1,CL00352,fr_FR,1,0,France,,PARIS,,,,,,398522243,
soc_18470436,STPI,1,CL00351,fr_FR,1,0,France,,ALLENJOIE,,03.70.07.20.20,,,,434011052,
soc_18470432,Air Liquide,1,CL00347,fr_FR,1,0,France,81700,BLAN,ARCHIBALD Scandocs Center / 0715 C80010,,,,,314119504,
soc_18470429,S-E-CO,1,CL00344,fr_FR,1,0,France,,COLOMBES,,,,,FR40898278080,898278080,
soc_18470427,Odiens,1,CL00342,fr_FR,1,0,France,,VERTOU,,02.55.58.44.52,,,FR65820451367,820451367,
soc_18470425,TYREDATING,1,CL00340,fr_FR,1,0,France,,LYON 3EME ARRONDISSEMENT,,04.88.68.21.30,,,,503812208,
soc_18470424,Digital Passengers,1,CL00339,fr_FR,1,0,France,,BORDEAUX,,05.40.05.62.99,,,FR25827665373,827665373,
soc_18470423,GIE AGPM Gestion,1,CL00338,fr_FR,1,0,France,,TOULON,,04.94.61.58.01,,,FR71323379040,323379040,
soc_18470422,Equaero,1,CL00337,fr_FR,1,0,France,,PARIS,,,,,FR24841646888,841646888,
soc_18470419,OPCO 2i GRAND EST,1,CL00334,fr_FR,1,0,France,,METZ CEDEX 03,,03.62.40.40.47,,,FR37878238849,878238849,
soc_18470417,FIDUCIAL Bureautique Lyon,1,CL00332,fr_FR,1,0,France,,LYON 9EME ARRONDISSEMENT,,04.72.20.36.85,,,,955510029,
soc_18470416,SIDEM,1,CL00331,fr_FR,1,0,France,,ST MAURICE,,01.49.95.77.67,,,FR19342500956,342500956,
soc_18470415,Webitics,1,CL00330,fr_FR,1,0,France,,ROANNE,,,,,FR37832298194,832298194,
soc_18470414,Miss Numerique,1,CL00329,fr_FR,1,0,France,,JARVILLE LA MALGRANGE,,03.83.18.26.08,,,,478502222,
soc_18470411,DAFY @STORE,1,CL00326,fr_FR,1,0,France,,BEAUMONT,,04.73.28.69.93,,,FR08824484026,824484026,
soc_18470410,Dada Sport SAS,1,CL00324,fr_FR,1,0,France,,PARIS,,,,,FR52752263111,752263111,
soc_18470408,AKTO - Réseau Opcalia OCCITANIE,1,CL00322,fr_FR,1,0,France,,MONTPELLIER,,,,,FR77853000982,853000982,
soc_18470406,UGAP,1,CL00320,fr_FR,1,0,France,,CHAMPS SUR MARNE,,01.64.73.22.60,,,FR51776056467,776056467,
soc_18470405,AFT,1,CL00319,fr_FR,1,0,France,,PARIS,,01.88.40.11.75,,,FR79775692015,775692015,
soc_18470402,LITTLE BIG CONNECTION SAS,1,CL00316,fr_FR,1,0,France,,LEVALLOIS PERRET,,,,,,793569757,
soc_18470401,LE PARISIEN MANAGEMENT,1,CL00314,fr_FR,1,0,France,,PARIS,,01.87.39.74.54,,,FR38797767035,797767035,
soc_18470400,LE PARISIEN Libéré,1,CL00313,fr_FR,1,0,France,,PARIS,,01.87.39.78.10,,,FR23332890359,332890359,
soc_18470398,DITY,1,CL00311,fr_FR,1,0,France,,FRELINGHIEN,,,,,FR14789783636,789783636,
soc_18470395,Brico Dépôt,1,CL00308,fr_FR,1,0,France,,LONGPONT SUR ORGE,,01.69.63.09.23,,,FR94451647903,451647903,
soc_18470394,TIMPAE,1,CL00307,fr_FR,1,0,France,,CRETEIL,,01.45.17.69.91,,,FR15798011920,798011920,
soc_18470393,UPMYBIZ,1,CL00306,fr_FR,1,0,France,,LYON 2EME ARRONDISSEMENT,,05.57.92.90.70,,,,750873051,
soc_18470392,BAZARCHIC,1,CL00305,fr_FR,1,0,France,,CLICHY,,01.84.20.05.71,,,FR30489583062,489583062,
soc_18470388,Institut Polytechnique de Grenoble,1,CL00301,fr_FR,1,0,France,,GRENOBLE,,,,,,193819125,
soc_18470386,SAS Com'On,1,CL00299,fr_FR,1,0,France,,ARLES,,,,,,812875524,
soc_18470384,NEOVIA - ANIMAL NUTRITION,1,CL00297,fr_FR,1,0,France,,ST NOLFF,,02.97.48.54.14,,,,636320038,
soc_18470383,SOCIETE GENERALE,1,CL00296,fr_FR,1,0,France,,PARIS,,01.57.29.14.52,,,FR27552120222,552120222,
soc_18470381,LYRIA SAS,1,CL00294,fr_FR,1,0,France,,PARIS,,01.42.93.90.47,,,,428678627,
soc_18470380,MG Mobile,1,CL00293,fr_FR,1,0,France,,PARIS,,,,,,793601915,
soc_18470379,PALAIS DES THES,1,CL00292,fr_FR,1,0,France,,PARIS,,01.43.56.59.96,,,,339752636,
soc_18470376,CARSAT Aquitaine,1,CL00289,fr_FR,1,0,France,,BORDEAUX,,005.56.11.66.37,,,,781847447,
soc_18470375,CONCRETIO SERVICES,1,CL00288,fr_FR,1,0,France,,PARIS,,,,,,812533628,
soc_18470374,OPCO EP,1,CL00287,fr_FR,1,0,France,,PARIS,,,,,,,
soc_18470372,SODEXO PASS FRANCE,1,CL00285,fr_FR,1,0,France,,NANTERRE,,01.41.97.83.71,,,,340393065,
soc_18470371,WIZIFARM,1,CL00284,fr_FR,1,0,France,,REIMS,,,,,FR50883654816,883654816,
soc_18470370,Amphenol SOCAPEX,1,CL00283,fr_FR,1,0,France,,THYEZ,,04.50.90.53.46,,,,35650167,
soc_18470369,CENTRE NAT INTERPRO ECONOMIE LAITIERE,1,CL00282,fr_FR,1,0,France,,PARIS,,,,,,300817954,
soc_18470368,Caudalie,1,CL00281,fr_FR,1,0,France,,PARIS,,,,,,398360123,
soc_18470366,OPCO EP en Occitanie TPE Toulouse,1,CL00279,fr_FR,1,0,France,,RAMONVILLE SAINT-AGNE cedex,,,,,,,
soc_18470363,DOYOUNO SAS,1,CL00276,fr_FR,1,0,France,,JOIGNY,,,,,,831125620,
soc_18470362,Groupe BLAIN,1,CL00274,fr_FR,1,0,France,,LA CHAPELLE SUR ERDRE,,,,,,794327247,
soc_18470361,VEOLIA ENERGIE FRANCE,1,CL00273,fr_FR,1,0,France,,MARSEILLE 16EME ARRONDISS,,04.86.26.41.08,,,,508867124,form-bq1 || inter-distanciel || https://www.formations-analytics.com/contact/
soc_18470360,ALCHIMIE SAS,1,CL00272,fr_FR,1,0,France,,AUBERVILLIERS,,07.72.34.56.42,,,,420919904,
soc_18470353,COMPAGNIE HYPERACTIVE,1,CL00265,fr_FR,1,0,France,,BRUGES,,05.47.50.06.96,,,,431563584,
soc_18470352,MMV,1,CL00264,fr_FR,1,0,France,,ST LAURENT DU VAR,,04.92.12.62.10,,,,411926892,
soc_18470351,Ecole Supérieure dOstéopathie,1,CL00263,fr_FR,1,0,France,,CHAMPS SUR MARNE,,01.64.61.08.46,,,,381941277,
soc_18470350,Sainte-Lizaigne,1,CL00262,fr_FR,1,0,France,,STE LIZAIGNE,,,,,,966505760,
soc_18470349,Opcommerce,1,CL00261,fr_FR,1,0,France,,RENNES,,,,,,398522243,
soc_18470348,VEOLIA INDUSTRIES GLOBAL SOLUTIONS IDF,1,CL00260,fr_FR,1,0,France,,MULHOUSE,,01.34.32.78.67,,,,409887395,form-bq1 || inter-distanciel || https://www.formations-analytics.com/contact/
soc_18470347,QWERI,1,CL00259,fr_FR,1,0,France,,LYON 6EME ARRONDISSEMENT,,,,,,853498681,
soc_18470343,COWORKEES SAS,1,CL00254,fr_FR,1,0,France,,ANNECY LE VIEUX,,07.85.98.41.41,,,,824544977,
soc_18470342,MINDSHARE,1,CL00253,fr_FR,1,0,France,,NEUILLY SUR SEINE,,001.85.63.54.33,,,,421319195,
soc_18470341,Turf Editions,1,CL00252,fr_FR,1,0,France,,AIX-EN-PROVENCE,,01.85.18.09.61,,,,67804930,
soc_18470340,Turf Digital,1,CL00251,fr_FR,1,0,France,,CHATILLON,,01.85.18.09.61,,,,519119143,
soc_18470339,Groupe Paris-Turf,1,CL00250,fr_FR,1,0,France,,CHATILLON,,01.85.18.09.61,,,,480218890,
soc_18470338,Studyrama,1,CL00249,fr_FR,1,0,France,,LEVALLOIS PERRET,,01.41.06.59.00,,,,429309354,
soc_18470337,POLIRIS,1,CL00248,fr_FR,1,0,France,,PARIS,,,,,,492285564,form-n8n1 || inter-distanciel || https://www.formations-analytics.com/contact/
soc_18470336,Etablissements Georges et Bernard HILLIET,1,CL00247,fr_FR,1,0,France,,QUIBERON,,,,,,873500086,
soc_18470335,VEOLIA INDUSTRIES GLOBAL SOLUTIONS,1,CL00246,fr_FR,1,0,France,,RUEIL MALMAISON,,01.34.32.78.67,,,,409887395,form-bq1 || inter-distanciel || https://www.formations-analytics.com/contact/
soc_18470334,MyCommunIT,1,CL00245,fr_FR,1,0,France,,LEVALLOIS PERRET,,,,,,807444849,
soc_18470333,GROUPE MONITEUR,1,CL00243,fr_FR,1,0,France,,ANTONY,,01.77.92.93.46,,,,403080823,
soc_18470332,MUTUELLE ASSURANCE INSTITUTEUR FRANCE,1,CL00242,fr_FR,1,0,France,,NIORT,,05.49.73.80.30,,,,775709702,
soc_18470331,AGEFOS PME Ile de France,1,CL00240,fr_FR,1,0,France,,PARIS,,02.41.49.14.00,,,,,
soc_18470329,MD SOLUTIONS,1,CL00238,fr_FR,1,0,France,,LORMONT,,05.57.10.58.12,,,,830162152,
soc_18470328,Office de Tourisme PONT D'ARC - ARDECHE,1,CL00237,fr_FR,1,0,France,,VALLON PONT D ARC,,06.45.43.01.50,,,,817574155,
soc_18470327,SYNERGIE Formation,1,CL00236,fr_FR,1,0,France,,VILLENEUVE D ASCQ,,03.28.77.63.03,,,,751108994,
soc_18470326,PHCH,1,CL00235,fr_FR,1,0,France,,REIMS,,,,,,335480687,
soc_18470325,ZAACOM,1,CL00234,fr_FR,1,0,France,14000,CAEN,8 Bis Boulevard Georges Pompidou,,,,,790370175,
soc_18470322,Q-Park France,1,CL00231,fr_FR,1,0,France,,ISSY LES MOULINEAUX,,01.46.09.59.87,,,,378888234,
soc_18470321,Groupe Partenaire,1,CL00230,fr_FR,1,0,France,,MARSEILLE 2EME ARRONDISSE,,04.93.19.59.51,,,,,
soc_18470317,Netpix,1,CL00226,fr_FR,1,0,France,,AIX EN PROVENCE,,06.16.83.69.21,,,,789272150,
soc_18470316,Altics Agency,1,CL00225,fr_FR,1,0,France,,LYON 9EME ARRONDISSEMENT,,09.72.46.03.42,,,,809575798,
soc_18470315,Because Architecure Matters,1,CL00224,fr_FR,1,0,France,,MARSEILLE 12EME ARRONDISS,,,,,,810952614,
soc_18470314,WOW SARL,1,CL00223,fr_FR,1,0,France,,TOULOUSE,,,,,,810423384,
soc_18470313,VEOPRINT,1,CL00222,fr_FR,1,0,France,,LYON 9EME ARRONDISSEMENT,,04.72.20.15.17,,,,317288389,
soc_18470312,Development Solutions Governance,1,CL00221,fr_FR,1,0,France,,ANGLET,,,,,,481986156,
soc_18470309,Groupe Entis mutuelles,1,CL00218,fr_FR,1,0,France,,ANNECY,,04.50.08.02.66,,,,505259226,
soc_18470308,CIMPA SAS,1,CL00217,fr_FR,1,0,France,,BLAGNAC,,05.32.11.02.92,,,,393341540,
soc_18470307,Commune de Carcassonne,1,CL00215,fr_FR,1,0,France,,CARCASSONNE,,04.68.77.73.87,,,,211100698,
soc_18470306,CM-CIC Formation,1,CL00214,fr_FR,1,0,France,,STRASBOURG,,03.88.37.62.45,,,,419883814,
soc_18470304,LA VOIX DU NORD,1,CL00212,fr_FR,1,0,France,,LILLE,,03.20.78.41.14,,,FR40457507267,457507267,
soc_18470303,CIELA VILLAGE  GROUPE GB,1,CL00211,fr_FR,1,0,France,,BANDOL,,04.94.29.16.90,,,,413562604,
soc_18470302,Les Echos Management,1,CL00210,fr_FR,1,0,France,,PARIS,,01.87.39.74.54,,,,433975166,
soc_18470301,SYNCHRONE,1,CL00209,fr_FR,1,0,France,,AIX EN PROVENCE,,04.42.16.44.69,,,,438313843,
soc_18470300,NEXTON Consulting,1,CL00208,fr_FR,1,0,France,,PARIS,,06.98.19.80.35,,,,529505273,
soc_18470297,PLASTIC OMNIUM GESTION,1,CL00205,fr_FR,1,0,France,,LEVALLOIS PERRET,,01.55.66.47.53,,,,410314207,
soc_18470296,SAS POWERTRAFIC,1,CL00204,fr_FR,1,0,France,,MONT ST AIGNAN,,02.78.77.07.73,,,,519207823,
soc_18470292,Capgemini Technology Services,1,CL00200,fr_FR,1,0,France,,LYON 7EME ARRONDISSEMENT,,033.08.25.00.20.56,,,,479766842,
soc_18470290,Istituto Marangoni,1,CL00198,fr_FR,1,0,France,,PARIS,,01.47.20.08.44,,,,484985064,
soc_18470289,Paris Librairies,1,CL00197,fr_FR,1,0,France,,PARIS,,09.83.60.45.72,,,,753758358,form-n8n1 || inter-distanciel || https://www.formations-analytics.com/contact/
soc_18470288,AMIXYS,1,CL00196,fr_FR,1,0,France,,FABREGUES,,04.11.93.48.72,,,,511748030,
soc_18470287,Institut Français du Cheval et de l'Equitation,1,CL00195,fr_FR,1,0,France,,Arnac-Pompadour,,05.55.98.59.28,,,,130010440,
soc_18470286,Sommellerie de France (Confrerie Des Gourmets),1,CL00194,fr_FR,1,0,France,,KOENIGSMACKER,,03.82.88.20.93,,,,408303758,
soc_18470283,Axeria PREVOYANCE,1,CL00191,fr_FR,1,0,France,,LYON 3EME ARRONDISSEMENT,,04.72.36.17.88,,,,350261129,
soc_18470282,Kawasaki Motors Europe,1,CL00190,fr_FR,1,0,France,,ELANCOURT,,01.30.69.50.28,,,,441393964,
soc_18470281,Gustave Roussy,1,CL00189,fr_FR,1,0,France,,VILLEJUIF CEDEX,,01.42.11.46.48,,,,775741101,
soc_18470280,Somfy Protect by Myfox,1,CL00187,fr_FR,1,0,France,,LABEGE,,,,,FR52483015749,483015749,
soc_18470279,GUERIN JOAILLERIE,1,CL00186,fr_FR,1,0,France,,PARIS,,01.44.54.16.19,,,,440452316,
soc_18470278,HelloAsso,1,CL00185,fr_FR,1,0,France,,BORDEAUX,,,,,FR85510918683,510918683,
soc_18470277,ADEFIM 74,1,CL00184,fr_FR,1,0,France,,ANNECY,,04.50.52.73.24,,,,400702692,
soc_18470276,ITELIOS Capgemini,1,CL00183,fr_FR,1,0,France,,Lyon Cedex 7,,,,,,448291179,
soc_18470274,Ademe,1,CL00181,fr_FR,1,0,France,,Montrouge Cedex,,001.47.65.24.33,,,,844684183,
soc_18470273,FOTO.com S.A,1,CL00180,fr_FR,1,0,France,,Nivelles,,,,,,,
soc_18470272,Coverlife,1,CL00179,fr_FR,1,0,France,,QUIMPER,,02.98.76.90.35,,,,801468026,
soc_18470270,Nathalie Raybaud,1,CL00177,fr_FR,1,0,France,,SAINT DENIS,,,,,,808878953,
soc_18470267,AKTO,1,CL00174,fr_FR,1,0,France,75009,PARIS,47 rue de la Victoire,,,,FR77853000982,853000982,
soc_18470266,IDEA TECHNOLOGIES,1,CL00173,fr_FR,1,0,France,,ST THONAN,,02.98.20.35.06,,,,312771967,
soc_18470265,COGEDIS,1,CL00172,fr_FR,1,0,France,29800,ST THONAN,ZI de Saint Thonan,,,,,312771967,
soc_18470264,Catalina,1,CL00171,fr_FR,1,0,France,,BOULOGNE BILLANCOURT,,01.46.94.52.08,,,,392523759,
soc_18470262,SAPESO,1,CL00169,fr_FR,1,0,France,,BORDEAUX cedex,,05.35.31.30.31,,,,456204940,
soc_18470260,Datavalue Consulting,1,CL00167,fr_FR,1,0,France,,MONTROUGE,,,,,,804363554,
soc_18470259,PICKERS,1,CL00166,fr_FR,1,0,France,,PARIS,,,,,,818974529,
soc_18470258,GROUPE LDLC,1,CL00165,fr_FR,1,0,France,,LIMONEST,,04.27.46.32.82,,,,403554181,
soc_18470256,LA POSTE,1,CL00163,fr_FR,1,0,France,,DIJON,,01.55.44.04.69,,,,356000000,
soc_18470255,AGEFOS PME MAINE ET LOIRE,1,CL00162,fr_FR,1,0,France,,CHOLET,,02.41.49.14.00,,,,,
soc_18470252,Cartégie,1,CL00159,fr_FR,1,0,France,,BRUGES,,05.56.69.22.58,,,,348770561,
soc_18470251,CARE France,1,CL00157,fr_FR,1,0,France,,PARIS,,01.53.19.81.16,,,,334805801,
soc_18470250,CARREFOUR BANQUE,1,CL00156,fr_FR,1,0,France,,COURCOURONNES,,01.60.76.81.43,,,,313811515,
soc_18470248,ORECA,1,CL00154,fr_FR,1,0,France,,SIGNES,,,,,,302045794,
soc_18470247,Atelier Parisien d'Urbanisme,1,CL00153,fr_FR,1,0,France,,PARIS,,,,,,784237539,
soc_18470246,Partners & Company,1,CL00152,fr_FR,1,0,France,,POLIGNY,,03.84.73.67.15,,,,827862392,
soc_18470245,OONAY,1,CL00151,fr_FR,1,0,France,,PARIS,,,,,,837871805,
soc_18470244,Orixa Media,1,CL00150,fr_FR,1,0,France,,PARIS,,03.37.68.61.62.66,,,,494334113,
soc_18470243,BIG YOUTH,1,CL00149,fr_FR,1,0,France,,PARIS,,01.80.05.99.31,,,,454072034,
soc_18470242,SARL LIMPIDE,1,CL00148,fr_FR,1,0,France,,PARIS,,01.42.26.51.15,,,,529701922,
soc_18470241,PRO BTP,1,CL00147,fr_FR,1,0,France,,VINCENNES,,01.41.79.72.27,,,,394164966,
soc_18470240,Zee Media,1,CL00146,fr_FR,1,0,France,,STRASBOURG,,03.67.34.03.52,,,,810517276,
soc_18470239,AKTO - Réseau Opcalia OUEST,1,CL00145,fr_FR,1,0,France,,NANTES,,,,,FR77853000982,853000982,
soc_18470237,GIE Ramsay Générale de Santé Hospitalisation.,1,CL00143,fr_FR,1,0,France,,PARIS,,01.75.39.83.12,,,,383699048,
soc_18470236,14H28,1,CL00142,fr_FR,1,0,France,,VILLENEUVE D ASCQ,,03.20.30.01.00,,,FR53438157679,438157679,
soc_18470234,MUSIC BUSINESS,1,CL00140,fr_FR,1,0,France,,COURBEVOIE,,01.81.69.03.54,,,,349455147,
soc_18470233,ITELIOS,1,CL00139,fr_FR,1,0,France,,PARIS,,,,,,448291179,
soc_18470231,deleganet,1,CL00137,fr_FR,1,0,France,,CALAIS,,,,,,519892426,
soc_18470230,Bayard Presse,1,CL00136,fr_FR,1,0,France,,MONTROUGE,,,,,,542042486,
soc_18470229,1789.fr,1,CL00135,fr_FR,1,0,France,,BEAUCOUZE,,,,,,532821741,
soc_18470228,ECOVADIS,1,CL00134,fr_FR,1,0,France,,PARIS,,06.62.24.79.99,,,,497842914,
soc_18470227,ASI,1,CL00133,fr_FR,1,0,France,,ST HERBLAIN,,02.53.00.62.68,,,,390865749,
soc_18470226,MAKHEIA AFFINITY,1,CL00130,fr_FR,1,0,France,,PARIS,,01.42.12.20.25,,,,350144093,
soc_18470225,SUPERPROF,1,CL00129,fr_FR,1,0,France,,PARIS,,,,,,533453296,
soc_18470224,Brioude Internet,1,CL00128,fr_FR,1,0,France,,COHADE,,04.71.50.50.31,,,FR38433953015,433953015,
soc_18470223,NINJADS,1,CL00127,fr_FR,1,0,France,,PARIS,,,,,,834110207,
soc_18470222,DAY USE,1,CL00126,fr_FR,1,0,France,,PARIS,,01.84.16.15.69,,,,524948924,
soc_18470218,DHome Productions,1,CL00122,fr_FR,1,0,France,,PARIS,,,,,,448530246,
soc_18470217,Société DL Santé,1,CL00121,fr_FR,1,0,France,,ISSY LES MOULINEAUX,,01.46.11.04.08,,,,452158744,
soc_18470216,SECURITAS DIRECT SAS,1,CL00120,fr_FR,1,0,France,,CHATENAY MALABRY,,,,,,345006027,
soc_18470213,GALDERMA INTERNATIONAL,1,CL00117,fr_FR,1,0,France,,COURBEVOIE,,001.84.20.44.92,,,,325186617,
soc_18470212,SERUM AND CO,1,CL00116,fr_FR,1,0,France,,PARIS,,01.84.25.70.40,,,,420236879,
soc_18470211,ACTIVIS,1,CL00113,fr_FR,1,0,France,,MULHOUSE,,03.89.59.44.43,,,,411467426,
soc_18470210,DBA INTERACTIVE - WIMERSION,1,CL00112,fr_FR,1,0,France,,ORCHIES,,03.20.65.86.17,,,,499880482,
soc_18470209,SEGGI INNOVATION,1,CL00111,fr_FR,1,0,France,,VERSAILLES,,,,,,809036718,
soc_18470206,ANTADIS,1,CL00107,fr_FR,1,0,France,78120,RAMBOUILLET,1 rue de Clairefontaine,01.30.41.18.68,,,,,
soc_18470205,Brand & Company,1,CL00106,fr_FR,1,0,France,,POLIGNY,,03.84.73.67.15,,,,409065406,
soc_18470204,PerSé Beauty SAS,1,CL00105,fr_FR,1,0,France,,PARIS,,,,,FR41831245907,831245907,
soc_18470203,BEE4,1,CL00104,fr_FR,1,0,France,,LYON 7EME ARRONDISSEMENT,,04.26.17.57.27,,,,750267056,
soc_18470201,CAP'VACANCES,1,CL00102,fr_FR,1,0,France,,BRIOUDE,,,,,FR66779168038,779168038,
soc_18470199,INOUIT,1,CL00100,fr_FR,1,0,France,,LILLE,,03.20.02.78.79,,,,440185528,
soc_18470197,OUTSCALE,1,CL00098,fr_FR,1,0,France,,ST CLOUD,,01.55.39.01.46,,,,,
soc_18470196,Cryptolog International,1,CL00097,fr_FR,1,0,France,,PARIS,,01.44.08.73.00,,,,439129164,
soc_18470195,ATLASFORMEN,1,CL00096,fr_FR,1,0,France,,PARIS,,01.53.43.86.75,,,,449149038,
soc_18470194,Fondation Nationale Sciences Politiques,1,CL00094,fr_FR,1,0,France,75007,PARIS,27 Rue Saint-Guillaume,,,,,784308249,
soc_18470193,ISO (International Organization for Standardization),1,CL00093,fr_FR,1,0,Suisse,,"1214 Vernier, Geneva",,,,,,,
soc_18470192,GSO INTERACTIVE,1,CL00092,fr_FR,1,0,France,,BORDEAUX,,,,,,514224443,
soc_18470191,PAPRIKA,1,CL00091,fr_FR,1,0,France,,ANNECY,,04.50.52.41.54,,,,331457291,
soc_18470190,CRYPTOLOG INTERNATIONAL,1,CL00090,fr_FR,1,0,France,,PARIS,,,,,,439129164,
soc_18470189,DEVATICS,1,CL00089,fr_FR,1,0,France,,TOULOUSE,,05.32.10.85.84,,,,529042376,
soc_18470188,Key Performance Group,1,CL00088,fr_FR,1,0,France,,PARIS,,01.55.46.91.88,,,,479638991,
soc_18470187,KEYRUS,1,CL00086,fr_FR,1,0,France,,LYON 9EME ARRONDISSEMENT,,04.81.76.24.45,,,,400149647,
soc_18470186,ANTIK BATIK,1,CL00085,fr_FR,1,0,France,,PARIS,,01.48.87.90.28,,,,377949458,
soc_18470185,FRANCE COM,1,CL00084,fr_FR,1,0,France,,NANTES,,02.51.80.51.59,,,,410557151,
soc_18470184,BERGERAT MONNOYEUR,1,CL00082,fr_FR,1,0,France,,ST DENIS,,,,,,380231316,
soc_18470183,LMNEXT FR,1,CL00081,fr_FR,1,0,France,,CLICHY,,01.45.19.74.12,,,,809437072,
soc_18470182,XPRESS RENT,1,CL00080,fr_FR,1,0,France,,ST DENIS,,,,,,521974386,
soc_18470181,BAZARCHIC VOYAGES,1,CL00079,fr_FR,1,0,France,,GENNEVILLIERS,,01.84.16.12.65,,,,539169664,
soc_18470180,MC2I GROUPE CONSEIL EN SYSTEMES,1,CL00078,fr_FR,1,0,France,,PARIS,,01.44.43.01.08,,,,352033914,
soc_18470179,WESCO,1,CL00077,fr_FR,1,0,France,,CERIZAY,,05.49.80.40.02,,,,304764863,
soc_18470178,BONDUELLE EUROPE LONG LIFE,1,CL00076,fr_FR,1,0,France,,VILLENEUVE D ASCQ,,03.20.43.79.33,,,,665580072,
soc_18470177,NEXTIA,1,CL00075,fr_FR,1,0,France,,LES MILLES,,04.13.91.06.22,,,,521330571,
soc_18470176,Sandrine Lavandier,1,CL00074,fr_FR,1,0,France,,ST OUEN,,06.74.83.01.73,,,,533228201,
soc_18470175,MUTUELLE IVRY LA FRATERNELLE,1,CL00073,fr_FR,1,0,France,,PARIS,,01.40.03.80.51,,,,310259221,
soc_18470174,UNIVERSITE PARIS OUEST NANTERRE LA DEFENSE,1,CL00072,fr_FR,1,0,France,,NANTERRE,,01.40.97.47.32,,,,199212044,
soc_18470173,SMATIS FRANCE,1,CL00071,fr_FR,1,0,France,,ANGOULEME,,05.45.39.36.28,,,,300054483,
soc_18470172,EKKO,1,CL00070,fr_FR,1,0,France,,PARIS,,01.45.86.13.43,,,,481322147,
soc_18470171,Adecco Training,1,CL00069,fr_FR,1,0,France,,VILLEURBANNE,,04.26.68.41.46,,,,343009866,
soc_18470170,DENALI PHARMA,1,CL00068,fr_FR,1,0,France,,PARIS,,,,,,511715906,
soc_18470169,UNAMI,1,CL00066,fr_FR,1,0,France,,PUTEAUX,,,,,,510304132,
soc_18470168,POMONA,1,CL00065,fr_FR,1,0,France,,ANTONY,,01.55.59.62.01,,,,552044992,
soc_18470167,BDPO,1,CL00064,fr_FR,1,0,France,,PARIS,,,,,,519118681,
soc_18470166,RAPP Paris,1,CL00062,fr_FR,1,0,France,,ST OUEN,,01.53.32.57.72,,,,439433780,
soc_18470165,SAS AGRICONOMIE,1,CL00061,fr_FR,1,0,France,,COOLE,,,,,,799365176,
soc_18470164,INTERGROS,1,CL00060,fr_FR,1,0,France,,NOISY LE GRAND Cedex,,01.78.37.14.80,,,,401163159,
soc_18470163,GROUPE CYRES,1,CL00059,fr_FR,1,0,France,,TOURS,,01.72.50.01.26,,,,442155818,
soc_18470162,Search Foresight,1,CL00058,fr_FR,1,0,France,,LEVALLOIS PERRET,,,,,,539288159,
soc_18470161,SW SARL,1,CL00057,fr_FR,1,0,France,,ST MAX,,06.43.43.13.44,,,,534993811,
soc_18470160,C F E B SISLEY,1,CL00056,fr_FR,1,0,France,,PARIS,,01.49.52.35.98,,,,722003464,
soc_18470159,AGIR,1,CL00054,fr_FR,1,0,France,,CHAMBERY,,,,,,422312181,
soc_18470158,OPCO ATLAS,1,CL00052,fr_FR,1,0,France,75013,PARIS,25 Quai Panhard Et Levassor,,,,,353213614,
soc_18470157,Ludo Factory,1,CL00051,fr_FR,1,0,France,,TASSIN LA DEMI LUNE,,04.78.38.44.86,,,,479048589,
soc_18470156,ADTHINK MEDIA,1,CL00050,fr_FR,1,0,France,,TASSIN LA DEMI LUNE,,04.78.38.50.94,,,,437733769,
soc_18470155,Yateo,1,CL00049,fr_FR,1,0,France,,PARIS,,01.76.24.08.30,,,,490123213,
soc_18470154,RCI BANQUE,1,CL00048,fr_FR,1,0,France,,NOISY LE GRAND,,01.76.88.81.61,,,,306523358,
soc_18470153,Materiel-velo.com,1,CL00047,fr_FR,1,0,France,,GLEIZE,,06.24.05.12.91,,,,479228504,
soc_18470152,Ebb And Flow,1,CL00046,fr_FR,1,0,France,,ST CLOUD,,01.55.57.11.70,,,,490917465,
soc_18470151,Hays IT Services,1,CL00045,fr_FR,1,0,France,,PARIS,,01.42.99.16.92,,,,533297834,
soc_18470150,France Gourmet Diffusion,1,CL00044,fr_FR,1,0,France,,PARIS,,,,,,480451939,
soc_18470149,SOPRA STERIA GROUP,1,CL00043,fr_FR,1,0,France,,COURBEVOIE,,01.55.91.72.72,,,,326820065,
soc_18470148,Flower SA,1,CL00042,fr_FR,1,0,France,,QUINT FONSEGRIVES,,05.62.57.32.47,,,,512445883,
soc_18470147,RTL NET,1,CL00041,fr_FR,1,0,France,,PARIS,,,,,,388613069,
soc_18470146,no one,1,CL00040,fr_FR,1,0,France,,,,,,,,,
soc_18470145,VIRTUA S.A.,1,CL00039,fr_FR,1,0,Suisse,,Morges,Avenue de la Gottaz,,,,,,
soc_18470144,SOFRECOM SA,1,CL00038,fr_FR,1,0,France,94300,VINCENNES,"24, Avenue du Petit Parc",,,,,672004660,
soc_18470143,Centre Européen de Formation,1,CL00037,fr_FR,1,0,France,59650,VILLENEUVE D ASCQ,19/21 rue Nicolas Appert,07.79.93.89.69,,,,435086285,
soc_18470142,EBLOO GROUP,1,CL00036,fr_FR,1,0,France,72100,LE MANS,41 Avenue Bollée,,,,,534155247,
soc_18470141,OPCA Transports et Services,1,CL00035,fr_FR,1,0,France,75014,PARIS,66 avenue du Maine,01.53.91.34.25,,,,402348080,
soc_18470140,OLLANDINI AGENCE DE VOYAGES,1,CL00034,fr_FR,1,0,France,20090,AJACCIO,1 RUE PAUL COLONNA D ISTRIA,04.95.23.92.99,,,,301242400,
soc_18470139,IKKS PRESTATIONS,1,CL00033,fr_FR,1,0,France,75010,PARIS,6 bis rue Gabriel Laumain,,,,,483598603,
soc_18470138,CAPEB,1,CL00032,fr_FR,1,0,France,75003,PARIS,"2, rue Béranger",01.53.60.50.92,,,,775682107,
soc_18470137,Transat France,1,CL00031,fr_FR,1,0,France,94200,IVRY SUR SEINE,6 rue Truillot,01.45.15.17.69,,,,347941940,
soc_18470136,Fondation ARC,1,CL00030,fr_FR,1,0,France,94800,VILLEJUIF,9 Rue Guy Moquet,,,,,752064949,
soc_18470135,SUD PLAISANCE HOLDING,1,CL00028,fr_FR,1,0,France,13600,LA CIOTAT,28 Boulevard Georges Clemenceau,,,,,499380020,
soc_18470134,Dentsu Aegis Media,1,CL00026,fr_FR,1,0,France,92971,Courbevoie - Paris La Défense cedex,4 Place De Saverne,,,,,399093129,
soc_18470133,Jeremy Provost - Faubourg 76,1,CL00025,fr_FR,1,0,France,92300,LEVALLOIS PERRET,65 RUE ARISTIDE BRIAND,01.44.83.04.55,,,,512127366,
soc_18470132,IKKS Group,1,CL00024,fr_FR,1,0,France,49455,SAINT-MACAIRE-EN-MAUGES,94 rue Choletaise,,,,,339899940,
soc_18470131,DEVCOMWEB  Micrologiciel,1,CL00023,fr_FR,1,0,France,93370,MONTFERMEIL,25 Avenue Marcel Dassault,,,,,444878466,
soc_18470130,LAGARDERE ACTIVE DIGITAL,1,CL00022,fr_FR,1,0,France,92300,LEVALLOIS PERRET,149 Rue ANATOLE FRANCE,01.41.34.88.70,,,,497909051,
soc_18470129,Artsper,1,CL00021,fr_FR,1,0,France,75001,PARIS,23-25 rue Jean-Jacques Rousseau,,,,,752773630,
soc_18470128,Banque EDEL,1,CL00020,fr_FR,1,0,France,31676,LABEGE Cedex,60 rue Buissonière  CS 17 601,,,,,306920109,
soc_18470127,ClickandBoat,1,CL00019,fr_FR,1,0,France,75007,PARIS,133 Rue St Dominique,,,,,801157256,
soc_18470126,ABW Advanced Business Ware,1,CL00018,fr_FR,1,0,France,67580,MERTZWILLER,ABW Advanced Business Ware,,,,,433232527,
soc_18470125,VEDI-express,1,CL00017,fr_FR,1,0,Luxembourg,8399,Windhof,Route des 3 cantons 11,,,,,,
soc_18470124,New BBDO,1,CL00016,fr_FR,1,0,France,75007,PARIS,23 rue Saint-Dominique,,,,,382163087,
soc_18470123,AFDAS,1,CL00015,fr_FR,1,0,France,75990,Paris Cedex 20,"66, rue Stendhal",,,,,784714008,
soc_18470122,Cafe Central,1,CL00014,fr_FR,1,0,France,75002,PARIS,7 Rue Rameau,,,,,791074628,
soc_18470121,Cheval Energy - Vet Company,1,CL00013,fr_FR,1,0,France,92400,COURBEVOIE,41 Rue du Moulin des Bruyeres,,,,,788862811,
soc_18470120,Oonetic BuyBox,1,CL00012,fr_FR,1,0,France,31770,COLOMIERS,39 Chemin des Ramassiers,,,,,524902236,
soc_18470119,PUBLICIS ACTIV NANTES,1,CL00011,fr_FR,1,0,France,44000,NANTES,3 B Rue Laennec,02.40.08.88.62,,,,337934483,
soc_18470118,SIMPLY FEU,1,CL00010,fr_FR,1,0,France,69120,VAULX EN VELIN,100 Chem In D U Gabugy,04.84.74.97.09,,,,535301014,
soc_18470117,SYNODIANCE,1,CL00009,fr_FR,1,0,France,44100,NANTES,10 RUE APPERT,02.51.84.24.05,,,,424640514,
soc_18470116,UTW-UPDATE,1,CL00008,fr_FR,1,0,France,75005,PARIS,7 RUE GUY DE LA BROSSE,001 53.10.91.65,,,,531431963,
soc_18470115,Hôtel l'Héliopic,1,CL00007,fr_FR,1,0,France,74400,CHAMONIX MONT BLANC,50 Place de L Aiguille du Midi,09.72.44.82.57,,,,,
soc_18470114,Holosfind - Referencement.com,1,CL00006,fr_FR,1,0,France,75002,PARIS,21 Rue de la Paix,,,,,407500842,
soc_18470113,Graines d'ethique,1,CL00005,fr_FR,1,0,France,83400,HYERES,Centre Europe,,,,,,
soc_18470112,WAO-marketing,1,CL00004,fr_FR,1,0,Canada,,Montreal H2C 3E3,"10216, rue Marquette",0514-516-3523,,,,,
soc_18470111,Digital Consult,1,CL00003,fr_FR,1,0,France,95320,ST LEU LA FORET,47 Rue De Chauvry,,,,,538929738,
soc_18470110,Scinetik,1,CL00002,fr_FR,1,0,France,75009,PARIS,78 rue Taitbout,,,,,531495331,
soc_18470109,ESCEN,1,CL00001,fr_FR,1,0,France,75014,PARIS,"66, Avenue du Maine",05.57.99.37.27,,,,528724644,
soc_18470202,MANUFACTURE ALPHONSE CASTEX,1,CL00103,fr_FR,0,0,France,,DAX,,,,,,,
soc_18470207,KING JOUET,1,CL00108,fr_FR,0,0,France,,VOIRON,,0476677212,,,,347926719,
soc_18470208,REGIONSJOB,1,CL00110,fr_FR,0,0,France,,RENNES,,0223448094,,,,428843130,
soc_18470214,APEM,1,CL00118,fr_FR,0,0,France,,CAUSSADE,,0563931498,,,,342898384,
soc_18470215,The Search Factory,1,CL00119,fr_FR,0,0,France,,PARIS,,,,,,508172855,
soc_18470219,Clémentine,1,CL00123,fr_FR,0,0,France,,PARIS,,001 78 09 52 1,,,,431716208,
soc_18470220,Destination en direct,1,CL00124,fr_FR,0,0,France,,PARIS,,0153109784,,,,753020437,
soc_18470221,BIIG,1,CL00125,fr_FR,0,0,France,,NIORT,,0547510045,,,,793463878,
soc_18470232,LES EDITIONS JALOU,1,CL00138,fr_FR,0,0,France,,PARIS,,0393356690146,,,,331532176,
soc_18470235,PRIVATESPORTSHOP,1,CL00141,fr_FR,0,0,France,,VENDARGUES,,0489845036,,,,529079667,
soc_18470238,BUT INTERNATIONAL,1,CL00144,fr_FR,0,0,France,,EMERAINVILLE,,0174924046,,,,722041860,
soc_18470249,One Clic Conseil,1,CL00155,fr_FR,0,0,France,,LILLE,,0651427905,,,,794927020,
soc_18470253,BDR Thermea France,1,CL00160,fr_FR,0,0,France,,Le Blanc-Mesnil Cedex,,0145913251,,,,833457211,
soc_18470254,Spread Research,1,CL00161,fr_FR,0,0,France,,LYON 3EME ARRONDISSEMENT,,,,,,478661481,
soc_18470257,LES ÉDITIONS HATIER,1,CL00164,fr_FR,0,0,France,,PARIS,,0149544926,,,,352585624,
soc_18470261,WEECAST,1,CL00168,fr_FR,0,0,France,,TOULON,,,,,,517502175,
soc_18470263,Atecna,1,CL00170,fr_FR,0,0,France,,WASQUEHAL,,,,,,499884534,
soc_18470268,SONEPAR,1,CL00175,fr_FR,0,0,France,,PARIS,,0174071958,,,,585580202,
soc_18470269,Gallimedia,1,CL00176,fr_FR,0,0,France,,CERGY,,0130379001,,,,434117859,
soc_18470271,Megatron,1,CL00178,fr_FR,0,0,France,,ALLINGES,,0450705910,,,,323841122,
soc_18470275,AlbumPartage SPRL,1,CL00182,fr_FR,0,0,France,,Nievell,,,,,,,
soc_18470284,PRIVATEASER,1,CL00192,fr_FR,0,0,France,,PARIS,,,,,,807462692,
soc_18470285,Office de Tourisme Communautaire du Pays des Écrins,1,CL00193,fr_FR,0,0,France,,L ARGENTIERE LA BESSEE,,,,,,824516439,
soc_18470291,CCM BENCHMARK GROUP,1,CL00199,fr_FR,0,0,France,,PARIS,,0973508885,,,,512085630,
soc_18470293,360 degrés Fahrenheit,1,CL00201,fr_FR,0,0,France,,PARIS,,0144151234,,,,804506350,
soc_18470294,SAFTI,1,CL00202,fr_FR,0,0,France,,TOULOUSE,,0532093215,,,,523964328,
soc_18470295,SURPERFORMANCE SAS,1,CL00203,fr_FR,0,0,France,,ANNECY,,0458100351,,,FR49439430059,439430059,
soc_18470298,FEDERATION FRANCAISE FOOTBALL - FFF,1,CL00206,fr_FR,0,0,France,75015,Paris,"87, boulevard de Grenelle",0144317511,,,,303742480,
soc_18470299,PLANET CARDS,1,CL00207,fr_FR,0,0,France,,LABEGE,,0582083735,,,,450008198,
soc_18470305,"PROPNEU S.A., Luxembourg, Geneva Branch",1,CL00213,fr_FR,0,0,Suisse,,GENÈVE,,0529025740,,,,,
soc_18470310,Veolia Eau - CGE - 13016,1,CL00219,fr_FR,0,0,France,,MARSEILLE 16EME ARRONDISS,,0472751655,,,,572025526,form-ls1 || inter-distanciel ||
soc_18470311,Rennes School of Business,1,CL00220,fr_FR,0,0,France,,RENNES,,0299546342,,,,378327514,
soc_18470318,REXEL France,1,CL00227,fr_FR,0,0,France,,ISSY LES MOULINEAUX,,001.41.08.31.03,,,,309304616,
soc_18470319,ASI,1,CL00228,fr_FR,0,0,France,,ST HERBLAIN,,,,,,390865749,
soc_18470320,OPINEA SAS,1,CL00229,fr_FR,0,0,France,,PARIS,,0145539984,,,,479773459,
soc_18470323,Optimize CHR 2.0,1,CL00232,fr_FR,0,0,France,,NEUILLY PLAISANCE,,0650122984,,,,752862706,
soc_18470324,DRIVE INNOVATION INSIGHTS,1,CL00233,fr_FR,0,0,France,,PARIS,,0143129662,,,,490045838,
soc_18470330,IGAL ANKONINA,1,CL00239,fr_FR,0,0,France,,CHARENTON LE PONT,,,,,,478656242,
soc_18470344,UNIMODES,1,CL00255,fr_FR,0,0,France,,AUBERVILLIERS,,,,,,316655042,
soc_18470345,PRIVATE SPORT SHOP SAS,1,CL00257,fr_FR,0,0,France,,VENDARGUES,,0489845036,,,,529079667,
soc_18470346,TBWA\Groupe,1,CL00258,fr_FR,0,0,France,,BOULOGNE BILLANCOURT,,0437473607,,,,682005079,
soc_18470354,LYF,1,CL00266,fr_FR,0,0,France,,CLERMONT FERRAND,,,,,,824146765,
soc_18470355,PUBLIPRESSE MEDIAS,1,CL00267,fr_FR,0,0,France,,MORTEAU,,0381679080,,,,424896645,
soc_18470356,ALTRAN TECHNOLOGIES,1,CL00268,fr_FR,0,0,France,,BLAGNAC,,,,,,702012956,
soc_18470357,EUROSPORT SAS,1,CL00269,fr_FR,0,0,France,,ISSY LES MOULINEAUX,,,,,,353735657,
soc_18470358,GROUPE PUBLI PRESSE,1,CL00270,fr_FR,0,0,France,,MORTEAU,,0381679080,,,,432939932,
soc_18470359,LES BASTIDES LAURAGAISES,1,CL00271,fr_FR,0,0,France,,RAMONVILLE ST AGNE,,0534665708,,,,453653982,
soc_18470364,DISTRI CLUB MEDICAL,1,CL00277,fr_FR,0,0,France,,VETRAZ MONTHOUX,,0450317026,,,,451343933,
soc_18470365,Régie Cauterets Lys Pont d'Espagne (Espaces Cauterets),1,CL00278,fr_FR,0,0,France,,CAUTERETS,,0562923991,,,,385086053,
soc_18470367,TECH VALLEY,1,CL00280,fr_FR,0,0,France,,PERPIGNAN,,,,,,799107073,
soc_18470373,LA MAISON DU CHOCOLAT,1,CL00286,fr_FR,0,0,France,,NANTERRE,,0155518675,,,,572154318,
soc_18470377,JO1,1,CL00290,fr_FR,0,0,France,,ST AUNES,,,,,,812842979,
soc_18470378,AGENCE FRANCE MUSEUMS,1,CL00291,fr_FR,0,0,France,,PARIS,,,,,,499510451,
soc_18470382,CLEAN PIGEON,1,CL00295,fr_FR,0,0,France,,LEUVILLE SUR ORGE,,0169011483,,,,529968125,
soc_18470385,SENIORADOM - KRG CORPORATE,1,CL00298,fr_FR,0,0,France,,MALAKOFF,,,,,,789230026,
soc_18470387,Armenak Chausseur,1,CL00300,fr_FR,0,0,France,,MARSEILLE 8EME ARRONDISSE,,0613955817,,,,353033632,
soc_18470389,LEA C-MON ETIQUETTE,1,CL00302,fr_FR,0,0,France,,BORDEAUX,,,,,,752873455,
soc_18470390,CAT-AMANIA,1,CL00303,fr_FR,0,0,France,,WASQUEHAL,,,,,,820363331,
soc_18470391,LA DEPECHE DU MIDI,1,CL00304,fr_FR,0,0,France,,TOULOUSE,,0562113419,,,FR82570804542,570804542,
soc_18470399,ELECTRO DEPOT FRANCE,1,CL00312,fr_FR,0,0,France,,FACHES THUMESNIL,,0361764909,,,FR66433744539,433744539,
soc_18470403,ETPA ECOLES CREATIVES,1,CL00317,fr_FR,0,0,France,,MONTPELLIER,,0499233435,,,FR41319763355,319763355,
soc_18470404,Jérôme Pallé,1,CL00318,fr_FR,0,0,France,,CLERMONT FERRAND,,,,,FR12441754975,441754975,
soc_18470407,LA HAUTE SOCIETE,1,CL00321,fr_FR,0,0,France,,GRENOBLE,,,,,FR48482473550,482473550,
soc_18470409,OPTIMIZE CHR 2.0,1,CL00323,fr_FR,0,0,France,,NEUILLY PLAISANCE,,0633231634,,,FR69752862706,752862706,
soc_18470412,ONEPARK SAS,1,CL00327,fr_FR,0,0,France,,PARIS,,,,,FR20790272033,790272033,
soc_18470413,Conversion Boosters,1,CL00328,fr_FR,0,0,France,,STRASBOURG,,,,,FR26833974124,833974124,
soc_18470418,Groupe Nice-Matin,1,CL00333,fr_FR,0,0,France,,NICE,,0493182747,,,FR65807856596,807856596,
soc_18470420,L'OR EN CASH Services,1,CL00335,fr_FR,0,0,France,,PARIS,,0465020063,,,FR35512412628,512412628,
soc_18470421,CCI JURA,1,CL00336,fr_FR,0,0,France,,LONS LE SAUNIER,,0384864221,,,FR77183900026,183900026,
soc_18470426,GROUPE QERYS,1,CL00341,fr_FR,0,0,France,,LE HAILLAN,,0556899083,,,FR04383862042,383862042,
soc_18470428,VMED,1,CL00343,fr_FR,0,0,France,,BOULOGNE BILLANCOURT,,,,,FR35513792259,513792259,
soc_18470430,emlyon,1,CL00345,fr_FR,0,0,France,69130,Écully,23 Av. Guy de Collongue,,,,,,"form-sgtm1 || inter-distanciel || form-gtm1, form-gtm2 || inter-distanciel ||"
soc_18470431,Regicom Webformance,1,CL00346,fr_FR,0,0,France,,LEVALLOIS PERRET,,,,,FR10525312294,525312294,
soc_18470433,Kinougarde,1,CL00348,fr_FR,0,0,France,,PARIS,,0156585864,,,FR67523371052,523371052,
soc_18470434,Complétude,1,CL00349,fr_FR,0,0,France,,PARIS,,0156585864,,,FR81438937245,438937245,
soc_18470435,CUSTOM ARENA,1,CL00350,fr_FR,0,0,France,,MARSEILLE 14EME ARRONDISS,,,,,FR06534549829,534549829,
soc_18470441,i-BP,1,CL00356,fr_FR,0,0,France,,ST HERBLAIN,,002.40.67.65.89,,,FR31435377684,435377684,
soc_18470442,Liligo Metasearch Technologies,1,CL00357,fr_FR,0,0,France,,PARIS,,001.78.41.83.95,,,,483314134,
soc_18470443,DIGITALOCAL,1,CL00358,fr_FR,0,0,France,,MARSEILLE 8EME ARRONDISSE,,0486948801,,,FR01513410779,513410779,
soc_18470446,Fromi GmbH,1,CL00361,fr_FR,0,0,France,,Kehl-Auenheim,,,,,,,
soc_18470447,YouSchool,1,CL00362,fr_FR,0,0,France,,PARIS,,,,,FR20800385544,800385544,
soc_18470448,Drivecase,1,CL00363,fr_FR,0,0,France,,STRASBOURG,,0367104466,,,FR29799376553,799376553,
soc_18470451,Mojow Design,1,CL00366,fr_FR,0,0,France,,CHANCEAUX SUR CHOISILLE,,,,,,801006768,
soc_18470453,GOLDAVENUE SA,1,CL00368,fr_FR,0,0,Suisse,,Genève,,,,,,,
soc_18470454,Persistent Systems France,1,CL00369,fr_FR,0,0,France,,FONTAINE,,004 76 53 35 8,,,FR24531815017,531815017,
soc_18470456,I-COM,1,CL00371,fr_FR,0,0,France,,DIJON,,0380605299,,,FR96432209427,432209427,
soc_18470457,MISTER HARRY,1,CL00372,fr_FR,0,0,France,,CHALON SUR SAONE,,0385511000,,,FR80420684011,,
soc_18470458,UKOO,1,CL00373,fr_FR,0,0,France,,MULHOUSE,,0389640512,,,FR46522354679,522354679,
soc_18470459,AFNOR CERTIFICATION,1,CL00374,fr_FR,0,0,France,,ST DENIS,,,,,FR67479076002,479076002,form-genai2 || inter-distanciel || https://www.formations-analytics.com/contact/
soc_18470460,La Solution,1,CL00375,fr_FR,0,0,France,,ST JEAN,,0567202001,,,FR37503334237,503334237,
soc_18470461,WITT GROUPE FRANCE,1,CL00376,fr_FR,0,0,France,,VILLENEUVE D ASCQ,,0320201182,,,FR40428625032,428625032,
soc_18470464,REFERENCE DMD,1,CL00379,fr_FR,0,0,France,,PARIS,,0472695358,,,FR69803066802,803066802,
soc_18470465,ANTIDOT,1,CL00380,fr_FR,0,0,France,,LYON 7EME ARRONDISSEMENT,,0472760381,,,FR69424933448,424933448,
soc_18470468,TEREVA,1,CL00383,fr_FR,0,0,France,,BOURG EN BRESSE,,,,,FR36434004198,434004198,
soc_18470470,INDEXEL,1,CL00385,fr_FR,0,0,France,,PARIS,,,,,FR23432415560,432415560,
soc_18470474,SKIS ROSSIGNOL,1,CL00389,fr_FR,0,0,France,,ST JEAN DE MOIRANS,,,,,FR28056502958,56502958,form-genai2 || inter-distanciel || https://www.formations-analytics.com/contact/
soc_18470475,GROUPE IGS ASSOCIATIONS,1,CL00390,fr_FR,0,0,France,,PARIS,,0180975603,,,FR04390824605,390824605,
soc_18470481,RECYCO,1,CL00396,fr_FR,0,0,France,,ISBERGUES,,,,,,,
soc_18470482,CityGem SAS,1,CL00397,fr_FR,0,0,France,,PUTEAUX,,,,,FR49902633189,902633189,
soc_18470484,Need For Leads,1,CL00399,fr_FR,0,0,France,,TOULOUSE,,0536477086,,,FR35752483263,752483263,
soc_18470497,OSCAR REFERENCEMENT,1,CL00413,fr_FR,0,0,France,,PARIS,,0981249163,,,FR64834903817,834903817,
soc_18470498,V33 SA,1,CL00414,fr_FR,0,0,France,,DOMBLANS,,0384350033,,,FR88305690158,305690158,
soc_18470502,YESCAPA,1,CL00418,fr_FR,0,0,France,,BORDEAUX,,,,,FR29751826280,751826280,
soc_18470503,EI Marion NIVELET,1,CL00419,fr_FR,0,0,France,,GRUISSAN,,,,,FR75889955621,889955621,
soc_18470514,ASSURONE GROUP,1,CL00430,fr_FR,0,0,France,,ASNIERES SUR SEINE,,,,,FR28478193386,478193386,
soc_18470517,Joseph D'ANDRIA,1,CL00433,fr_FR,0,0,France,,BELFORT,,,,,,,
soc_18470518,BUSINESS FRANCE - Agence comptable,1,CL00434,fr_FR,0,0,France,,MARSEILLE 2EME ARRONDISSE,,0536090672,,,,451930051,
soc_18470519,VEOLIA EAU CGE - CCEF AARAS,1,CL00435,fr_FR,0,0,France,,ARRAS,,0601105591,0601105591,,FR23572025526,572025526,form-bq1 || inter-distanciel || https://www.formations-analytics.com/contact/
soc_18470520,La Vie Naturelle,1,CL00436,fr_FR,0,0,France,,MONTPELLIER,,,,,FR72530813120,530813120,
soc_18470525,Veolia Eau - CGE - Etablissement National,1,CL00441,fr_FR,0,0,France,93300,Aubervilliers,30 Rue Madeleine Vionnet,0601105591,0601105591,,,57202552611778,form-bq1 || inter-distanciel || https://www.formations-analytics.com/contact/
soc_18759873,My Little Paris,1,41195,fr_FR,0,0,France,75009,Paris,13 Boulevard de Rochechouart,0686174929,0686174929,,,,form-ga2 || intra-presentiel || https://www.formations-analytics.com/contact/
soc_18759916,Véolia CGE Région Centre Ouest,1,41196,fr_FR,0,0,France,44202,Nantes cedex 2,6 rue Nathalie Sarraute,,0778266797,,,,form-bq1 || inter-distanciel || https://www.formations-analytics.com/contact/
soc_18880538,BABYMOOV,1,411102,fr_FR,0,0,France,,,,0643183799,0643183799,,,,"form-ga3, form-gtm1 || inter-distanciel || https://www.formations-analytics.com/formations/formation-google-tag-manager/"
soc_19343059,Xpertus,1,411106,fr_FR,0,0,France,,,,0658063471,0658063471,,,,"form-ga1, form-ls1 || inter-distanciel || https://www.formations-analytics.com/formations/formation-google-looker-data-studio/"
soc_19403172,Kelcible,1,411107,fr_FR,0,0,France,,,,0652383480,0652383480,,,,form-sgtm1 || intra-distanciel || https://www.formations-analytics.com/formations/formation-google-tag-manager-server/
soc_19612315,Fsjes Marrakech,1,411112,fr_FR,0,0,France,,,,0693701979,0693701979,,,,form-gtm1 || inter-distanciel || https://www.formations-analytics.com/formations/formation-google-tag-manager-server/
soc_19649606,vivaneo,1,411113,fr_FR,0,0,France,,,,0629451021,0629451021,,,,form-as2 || intra-distanciel || https://www.formations-analytics.com/contact/
soc_19717073,TDP Services,1,411114,fr_FR,0,0,France,75017,Paris,"6, rue Anatole de la Forge",01 53 81 16 16,01 53 81 16 16,,,,form-ga1 || intra-presentiel || https://www.formations-analytics.com/contact/
soc_19746976,Parcel,1,411115,fr_FR,0,0,France,33100,BORDEAUX,151 RUE BOUTHIER,,06 30 88 17 82,,FR41882190986,88219098600035,
soc_19799048,Collectus - Confia,1,411117,fr_FR,0,0,France,,,,782183828,782183828,,,,form-ga3 || intra-distanciel || https://www.formations-analytics.com/contact/
soc_19949808,Projet freelance,1,411118,fr_FR,0,0,France,,,,0687909058,0687909058,,,,"form-n8n1, form-n8n2, form-n8n3, form-n8n4 || inter-distanciel || https://www.formations-analytics.com/contact/"
soc_20078726,Kelcibe,1,411119,fr_FR,0,0,France,,,,065238380,065238380,,,,form-sgtm1 || inter-distanciel || https://www.formations-analytics.com/formation/formation-google-tag-manager-server/
soc_20078729,Malakoff Humanis,1,411120,fr_FR,0,0,France,,,,+33660315542,+33660315542,,,,form-perso || inter-distanciel || https://www.formations-analytics.com/formation/bundle-formations-analytics/
soc_21502071,Shine,1,411121,fr_FR,0,0,France,75011,Paris,122 rue Amelot,0631104431,0631104431,,,,"form-ga1, form-ga2 || intra-distanciel ||"
soc_21822861,Esthima,1,411122,fr_FR,0,0,France,,,,0649519399,0649519399,,,,form-ga2 || inter-distanciel ||
soc_22086599,Girondins,1,411123,fr_FR,0,0,France,,,,06 45 52 88 45,06 45 52 88 45,,,,form-ga2 || inter-distanciel ||
soc_22329473,Kasadenn,1,411124,fr_FR,0,0,France,,,,0661949785,0661949785,,,,form-as2 || inter-distanciel ||
soc_22568075,Audiens,1,411126,fr_FR,0,0,France,,,,0643701319,0643701319,,,,form-ga3 || intra-presentiel ||
soc_22792665,HAYE Events,1,411127,fr_FR,0,0,France,,,,0101568551,0101568551,,,,"form-ga1, form-gtm1, form-ls1, form-bq1, form-gs1, form-as1, form-perso, form-ws, prest-coaching || inter-distanciel ||"
soc_22819845,Chercheur d'emploi,1,411128,fr_FR,0,0,France,,,,0662482718,0662482718,,,,form-ga1 || inter-distanciel ||
soc_22844663,RAFCO,1,411129,fr_FR,0,0,France,,,,0153560717,0153560717,,,,form-gtm1 || inter-distanciel ||
soc_22849383,Expansit,1,411130,fr_FR,0,0,France,,,,0650554966,0650554966,,,,form-ls1 || inter-distanciel ||
soc_23178711,AEROPORTS DE LA COTE D'AZUR,1,411132,fr_FR,0,0,France,,,,0493218192,0493218192,,,,form-gtm2 || inter-distanciel ||
soc_23213389,SARL BEST OF THEATRE,1,411133,fr_FR,0,0,France,16500,Ansac-Sur-Vienne,Le Mansle,,06 69 01 84 40,,FR18504481094,50448109400010,
soc_23435017,Groupe Patrimoines De France,1,411135,fr_FR,0,0,France,,,,0788467198,0788467198,,,,form-ga2 || inter-distanciel ||
soc_24003399,plakhtiy,1,411137,fr_FR,0,0,France,,,,0769093481,0769093481,,,,form-perso || inter-distanciel ||
soc_24595163,RSP conseil,1,411140,fr_FR,0,0,France,,,,0642310746,0642310746,,,,"form-gtm1, form-gtm2, form-gmt3 || inter-distanciel ||"
soc_24822683,AIRBUS PROTECT,1,411141,fr_FR,0,0,France,,,,0777304398,0777304398,,,,"form-ls1, form-as1 || inter-distanciel ||"
soc_25618675,Royal Velo France,1,411144,fr_FR,0,0,France,10440,Torvilliers,179 La Terre Aux Poules,,07 85 61 34 16,,FR80339627028,33962702800048,
soc_25774947,test,1,411149,fr_FR,0,0,France,,,,09090909409,09090909409,,,,|| intra-distanciel || https://www.formations-analytics.com/contact/
soc_25940939,NOVIRIS,1,411151,fr_FR,0,0,France,97122,Baie Mahault,22 lotissement des citées fleuries,0690050324,0690050324,,,90330216400012,form-n8n1 || inter-distanciel || https://www.formations-analytics.com/contact/
soc_26194081,myntest,1,411153,fr_FR,0,0,France,,,,0404040404,0404040404,,,,|| intra-distanciel || https://www.formations-analytics.com/contact/
soc_26266629,testing,1,411154,fr_FR,0,0,France,,,,02020202020,02020202020,,,,|| intra-distanciel || https://www.formations-analytics.com/contact/
soc_26319437,STATERA,1,411155,fr_FR,0,0,France,,,,0631799927,0631799927,,,,form-bq1 || intra-distanciel ||
soc_26350823,STATERA BIOMETRY,1,411156,fr_FR,0,0,France,92200,Neuilly-sur-Seine,159 avenue Charles de Gaulle,0631799927,0631799927,,,,form-bq1 || inter-distanciel ||
soc_26438471,Agence Pan !,1,411157,fr_FR,0,0,France,,,,0672372050,0672372050,,,,form-sgtm1 || inter-distanciel ||
soc_26529711,LCA Solutions+,1,411158,fr_FR,0,0,France,,,,0629076513,0629076513,,,,form-make1 || intra-distanciel ||
soc_26815625,morning,1,411160,fr_FR,0,0,France,,,,0636032148,0636032148,,,,"form-gs1, form-gs2 || intra-presentiel ||"
soc_27187378,Shortways,1,411161,fr_FR,0,0,France,53000,Laval,106 Avenue Pierre De Coubertin,,02 43 53 18 81,,FR28529830366,52983036600025,
soc_27449742,Ministère de la Cybersécurité et du Numérique (MCN),1,411162,fr_FR,0,0,France,,,,41086441500 poste 34053,41086441500 poste 34053,,,,form-ma1 || intra-distanciel ||
soc_27826986,Indépendant,1,411164,fr_FR,0,0,France,,,,0769041897,0769041897,,,,form-genai1 || inter-distanciel || https://www.formations-analytics.com/contact/
soc_27856586,Florence Müller,0,411165,fr_FR,0,0,Suisse,1012,Lausanne,Chemin des Diablerets 5,0793851180,0793851180,florence.mueller@sdbb.ch,,,form-ma1 || inter-distanciel ||
soc_28098954,Insight Driven,1,411166,fr_FR,0,0,France,,,,0647675693,0647675693,,,,"form-ga1, form-ga2, form-ga3 || inter-distanciel ||"
soc_28104634,diama.ndao.149@gmail.com,1,411167,fr_FR,0,0,France,,,,0751975100,0751975100,,,,form-ls2 || inter-distanciel ||
soc_28544430,3ED,1,411169,fr_FR,0,0,France,57000,METZ,1 avenue Foch,03 87 17 48 79,03 87 17 48 79,,,,form-ma1 || intra-distanciel ||
soc_28640612,Altimax,1,411170,fr_FR,0,0,France,74650,Chavanod,PARC ALTAIS ANNECY 17 Rue Uranus,04 50 10 06 55,04 50 10 06 55,,,,autre || inter-distanciel ||
soc_28650136,PSFD,1,411171,fr_FR,0,0,France,,,,+24381075106,+24381075106,,,,"form-ga1, form-ga2, form-ga3 || inter-distanciel ||"
soc_29382376,Empowill,1,411173,fr_FR,0,0,France,75019,Paris,157 boulevard Macdonald,0766121427,0766121427,,,,"form-ga1, form-ga2 || intra-distanciel ||"
soc_29393788,Personnelle,1,411174,fr_FR,0,0,France,,,,0769041897,0769041897,,,,form-sgtm1 || inter-distanciel ||
soc_29499638,FIMALAC ENTERTAINMENT,1,411175,fr_FR,0,0,France,75017,Paris,10 place du Général Catroux,0170839790,0170839790,,,,form-gtm1 || inter-distanciel ||
soc_29713346,MUTUELLE LMP,1,411176,fr_FR,0,0,France,78000,Versailles,11 rue Albert Sarraut,0676433802,0676433802,,,,form-chatgpt1 || intra-presentiel ||
soc_31010378,Test 2,1,411182,fr_FR,0,0,France,,,,02020202020,02020202020,,,,|| intra-distanciel || https://www.formations-analytics.com/contact/
soc_31010380,Test entreprise,1,411183,fr_FR,0,0,France,,,,010101010101,010101010101,,,,|| intra-distanciel || https://www.formations-analytics.com/contact/
soc_32751340,Ver de terre Production,1,411189,fr_FR,0,0,France,27160,Breteuil,13 chemin des Peltier,0658998837,0658998837,,,,"form-ls1, form-ls2 || intra-presentiel || https://www.formations-analytics.com/contact/"
soc_32835804,France Automatismes,1,411190,fr_FR,0,0,France,31130,Quint Fonsegrives,38 ZA de Ribaute,0687962553,0687962553,,,,form-ls1 || inter-distanciel || https://www.formations-analytics.com/contact/
soc_32990938,Telecel Centrafrique,1,411191,fr_FR,0,0,France,,,,+23675181609,+23675181609,,,,"form-ga1, form-ga2, form-ga3, form-chatgpt1, form-chatgpt2, form-sgtm1 || inter-distanciel || https://www.formations-analytics.com/contact/"
soc_33013268,Radio france,1,411192,fr_FR,0,0,France,,,,0682732119,0682732119,,,,autre || intra-presentiel || https://www.formations-analytics.com/contact/
soc_33813352,Térya Services,1,411193,fr_FR,0,0,France,,,,78320626,78320626,,,,"form-ga1, form-ga2, form-ga3, form-ls1, form-ls2, form-ls3, form-bq1, form-bq2, form-bq3, form-gs1, form-gs2, form-gs3 || intra-distanciel || https://www.formations-analytics.com/contact/"
soc_34098822,Etudiante,1,411194,fr_FR,0,0,France,,,,55374406,55374406,,,,"form-ga1, form-ga2, form-ga3, form-chatgpt1, form-chatgpt2, form-ma1, form-pw1, form-pw2, form-gtm1, form-gtm2, form-gtm3, form-sgtm1, form-ls1, form-ls2, form-ls3, form-bq1, form-bq2, form-bq3, form-gs1, form-gs2, form-gs3, form-as1, form-as2, form-as3, form-as4, form-make1, form-make2, form-air1, form-perso, prest-coaching, autre || inter-distanciel || https://www.formations-analytics.com/contact/"
soc_34296920,Farsight VR,1,411195,fr_FR,0,0,France,,,,0678713195,0678713195,,,,autre || inter-distanciel || https://www.formations-analytics.com/contact/
soc_34921984,AIST LA PREVENTION ACTIVE,1,411196,fr_FR,0,0,France,,,,0473745924,0473745924,,,,"form-ga1, form-ga2, form-ga3 || inter-distanciel || https://www.formations-analytics.com/contact/"
soc_35156148,Nilesh's,1,411198,fr_FR,0,0,France,,,,96880940,96880940,,,,|| intra-distanciel || https://www.formations-analytics.com/contact/
soc_35246842,salarie,1,411199,fr_FR,0,0,France,,,,06 46 58 10 62,06 46 58 10 62,,,,form-genai1 || inter-distanciel || https://www.formations-analytics.com/contact/
soc_36469212,KRYS GROUP,1,411201,fr_FR,0,0,France,,,,0130468154,0130468154,,,,form-as1 || inter-distanciel || https://www.formations-analytics.com/contact/
soc_36798568,Alexandre Chevrollier,1,411205,fr_FR,0,0,France,24100,Bergerac,39 rue du docteur Gaston Simounet,0659224485,0659224485,,,,form-perso || intra-distanciel || https://www.formations-analytics.com/contact/
soc_36813342,AGENCE BRUT,1,411206,fr_FR,0,0,France,75010,PARIS,22 rue Leon Jouhaux,0624266969,0624266969,,,,form-genai2 || intra-presentiel || https://www.formations-analytics.com/contact/
soc_36836386,Caractere Brut,1,411207,fr_FR,0,0,France,75010,Paris,22 Rue Leon Jouhaux,,0624266969,,,,
soc_37751636,keonys,1,,fr_FR,0,0,France,,,,0644820758,0644820758,,,,form-search1 || inter-distanciel || https://www.formations-analytics.com/contact/
soc_38411940,Ttt,1,411213,fr_FR,0,0,France,,,,33333333333,33333333333,,,,"form-chatgpt2, form-ma1 || intra-presentiel || https://www.formations-analytics.com/contact/"
soc_38845746,Global Expertises,1,411214,fr_FR,0,0,France,31000,Toulouse,59 Allees Jean Jaures,,06 40 90 10 17,,FR03911366698,91136669800015,
soc_38937058,Maxime Dumontet,0,411215,fr_FR,0,0,France,83400,Hyeres,13 rue des Violettes,,,Dumontet.maxime@hotmail.fr,,,
soc_39770210,Moulin,1,411217,fr_FR,0,0,France,,,,0680591006,0680591006,,,,|| inter-distanciel || https://www.formations-analytics.com/contact/
soc_39786126,tst,1,411218,fr_FR,0,0,France,,,,0909090909,0909090909,,,,"form-n8n3, form-air1 || intra-distanciel || https://www.formations-analytics.com/contact/"
soc_40275370,planet corporation,1,411220,fr_FR,0,0,France,,,,0679696131,0679696131,,,,"form-make1, form-make2, form-n8n1, form-n8n2, form-n8n3, form-n8n4, form-air1, form-genai1, form-genai2 || inter-distanciel || https://www.formations-analytics.com/contact/"
soc_40373736,Atoupro Webmarketing,1,411221,fr_FR,0,0,France,54500,Vandœuvre-lès-Nancy,11 Rue d'Amsterdam,0627139165,0627139165,,FR21514889583,514 889 583 00019,"form-make2, form-n8n1, form-n8n2, form-n8n3, form-n8n4 || intra-distanciel || https://www.formations-analytics.com/contact/"
soc_40376138,Anne Vignaud,0,411222,fr_FR,0,0,France,16270,Terres De Haute Charente,2 Les Dauges,,0611762659,annevignaud@hotmail.fr,,,
soc_40478392,Stéphan Gabrielli,1,411223,fr_FR,0,0,France,,,,0699700880,0699700880,,,,"form-n8n3, form-n8n4 || inter-distanciel || https://www.formations-analytics.com/contact/"
soc_40817716,BARBARA TURAN AVOCAT A LA COUR SARL,1,411225,fr_FR,0,0,France,,,,+352 621343751,+352 621343751,,,,form-genai2 || inter-distanciel || https://www.formations-analytics.com/contact/
soc_41083816,MOITEST,1,411226,fr_FR,0,0,France,,,,0650554966,0650554966,,,,form-ga1 || inter-distanciel || https://www.formations-analytics.com/contact/
soc_41541252,Cnx,1,411229,fr_FR,0,0,France,,,,0769984660,0769984660,,,,form-genai2 || inter-distanciel || https://www.formations-analytics.com/contact/
soc_41558580,particulier,1,411230,fr_FR,0,0,France,,,,0674630992,0674630992,,,,form-search1 || inter-distanciel || https://www.formations-analytics.com/contact/
soc_41608828,Florimond Desprez,1,411231,fr_FR,0,0,France,,,,0320849490,0320849490,,,,form-n8n1 || intra-distanciel || https://www.formations-analytics.com/contact/
soc_41690476,DIGITALIZE,1,411232,fr_FR,0,0,France,,,,0024177742542,0024177742542,,,,"form-ga1, form-ga2, form-ga3, form-chatgpt1, form-chatgpt2, form-ma1, form-pw1, form-pw2, form-gtm1, form-gtm2, form-gtm3, form-ls1, form-ls2, form-ls3, form-bq1, form-bq2, form-search1 || inter-distanciel || https://www.formations-analytics.com/contact/"
soc_41690486,Networks Formations,1,411233,fr_FR,0,0,France,,,,0782759536,0782759536,,,,"form-ga1, form-ga2, form-ga3, form-gtm2, form-gtm3, form-sgtm1, form-ls1, form-ls2, form-ls3, form-make1, form-make2 || inter-distanciel || https://www.formations-analytics.com/contact/"
soc_41714206,Alice Soula,0,411234,fr_FR,0,0,France,66000,Perpignan,5 rue de l'église la Real,,0661511251,soulaa13@gmail.com,,,
soc_41736686,ekino,1,411235,fr_FR,0,0,France,93500,Pantin,9 Rue de l’Ancien Canal,+33149682498,+33149682498,,FR70509512760,50951276000034,form-n8n1 || inter-distanciel || https://www.formations-analytics.com/contact/
soc_41882614,FLUSEN,1,411237,fr_FR,0,0,France,,,,76 195 05 96,76 195 05 96,,,,"form-genai1, form-genai2 || inter-distanciel || https://www.formations-analytics.com/contact/"
soc_41902324,ADIE,1,411238,fr_FR,0,0,France,75019,Paris,23 rue des Ardennes,07 76 17 44 22,07 76 17 44 22,,,,"form-as1, form-as2, form-as3, form-as4 || inter-distanciel || https://www.formations-analytics.com/contact/"
soc_41975946,Gravity Media,1,411239,fr_FR,0,0,France,,,,0684819588,0684819588,,,,form-genai2 || intra-presentiel || https://www.formations-analytics.com/contact/
soc_42053962,Ministère des armées,1,411240,fr_FR,0,0,France,75700,Paris SP 07,BCAC SERVICE FORMATION - 1 PLACE JOFFRE CASE N° 51 - AP 205,01 56 06 33 24,01 56 06 33 24,,,,form-ma1 || intra-presentiel || https://www.formations-analytics.com/contact/
soc_42054168,uptonum,1,411241,fr_FR,0,0,France,,,,0633495606,0633495606,,,,form-n8n2 || intra-distanciel || https://www.formations-analytics.com/contact/
soc_42510530,Val d'Isère Tourisme,1,411245,fr_FR,0,0,France,,,,0670296849,0670296849,,,,|| intra-distanciel || https://www.formations-analytics.com/contact/
soc_43301712,animus web,1,411247,fr_FR,0,0,France,,,,03217778787,03217778787,,,,autre || intra-presentiel || https://www.formations-analytics.com/contact/
soc_44074004,Veolia Compagnie générale des eaux,1,411248,fr_FR,0,0,France,,,,0601105591,0601105591,,,,form-bq1 || inter-distanciel || https://www.formations-analytics.com/contact/
soc_44565410,COMPAGNIE MADRANGE,1,411249,fr_FR,0,0,France,87220,FEYTIAT,ZI DU PONTEIX LE VIEUX CREZIN,,02 96 30 71 42,,,,
soc_44565492,BROCELIANDE - ALH,1,411250,fr_FR,0,0,France,14310,VILLERS-BOCAGE,12 BOULEVARD DU 21EME SIECLE,,02 96 30 71 42,,,,
soc_44666990,Frédéric FEYL,0,411251,fr_FR,0,0,France,13760,St Cannat,187 Allée des Ferrages,,,frederic.feyl@gmail.com,,,
soc_45182668,Campus Du Lac,1,411252,fr_FR,0,0,France,33300,Bordeaux,Rue Rene Cassin,05 56 79 52 09,06 59 69 67 64,,FR70410581102,41058110200010,
soc_45567324,ANCV,1,411254,fr_FR,0,0,France,95200,Sarcelles,36 Bd Henri Bergson,01 34 29 53 42,01 34 29 53 42,,,,form-bq2 || inter-distanciel || https://www.formations-analytics.com/contact/
soc_45787484,Alphamultiservices,1,411255,fr_FR,0,0,France,,,,0624208906,0624208906,,,,prest-coaching || intra-presentiel || https://www.formations-analytics.com/contact/
soc_46228426,Alliance du secteur privé pour la promotion de la santé au Mali,1,411257,fr_FR,0,0,France,,,,0022379320188,0022379320188,,,,"form-ga1, form-ga2, form-ga3, form-chatgpt1, form-chatgpt2, form-ma1, form-ma2, form-pw1 || inter-distanciel || https://www.formations-analytics.com/contact/"
soc_46300286,MEDIA MANAGEMENT,1,411258,fr_FR,0,0,France,75015,Paris,10 boulevard de Grenelle,0187397454,0187397454,,FR46433975166,43397516600078,form-gtm3 || inter-distanciel || https://www.formations-analytics.com/contact/
soc_46355426,CEECA,1,411259,fr_FR,0,0,France,,,,0556797914,0556797914,,,,form-air1 || inter-distanciel || https://www.formations-analytics.com/contact/
soc_46744230,Veolia Propreté SA,1,411261,fr_FR,0,0,France,93300,Aubervilliers,30 rue Madeleine Vionnet,,06 26 41 57 17,,,57222103401222,
soc_47005028,Josette Girondin,0,411262,fr_FR,0,0,France,97129,Lamentin,6974 De Bas Canal Pierrette,,,,,,
soc_47329712,BONNES EMELYNE,1,411266,fr_FR,0,0,France,75001,Paris,142 Rue de Rivoli,0767389625,0767389625,,,,form-perso || intra-presentiel || https://www.formations-analytics.com/contact/
soc_47445846,Groupe Nutriset,1,411267,fr_FR,0,0,France,,,,0763136017,0763136017,,,,parcours-n8n || inter-distanciel || https://www.formations-analytics.com/contact/
soc_47881102,Moselle Attractivite,1,411268,fr_FR,0,0,France,57000,Metz,2 Rue Du Pont Moreau,,,,FR10824871768,82487176800027,
soc_47885784,Federation Nationale Mutualite Francaise,1,411269,fr_FR,0,0,France,75015,Paris,255 Rue De Vaugirard,01 84 20 70 45,,,FR64304426240,30442624000426,
soc_47906828,Saas Tech,1,411270,fr_FR,0,0,France,,,,0761997500,0761997500,,,,form--ma0 || inter-distanciel || https://www.formations-analytics.com/contact/
soc_48469730,Igesa Institution De Gestion Sociale Des Armees,1,411271,fr_FR,0,0,France,20293,Bastia,Rue du Lieutenant-Colonel-Pierre-Chiarelli,,04.95.55.30.65,,FR77180090060,18009006000997,
soc_48692116,Association Pour La Recherche Sur Le Cerveau,1,411272,fr_FR,0,0,France,14000,Caen,Boulevard Henri Becquerel,,,,FR78923498513,92349851300012,
soc_18470449,ADDACTIS GROUP,1,CL00364,fr_FR,0,0,France,,Bruxelles,,,,,,,
soc_18470397,NANAKIA,1,CL00310,fr_FR,0,0,France,,CLERMONT FERRAND,,,,,FR80847548807,847548807,
soc_18470200,Théâtre de la porte St martin,1,CL00101,fr_FR,0,0,France,,PARIS,,,,,,438224743,
soc_18470198,INALA,1,CL00099,fr_FR,0,0,France,,BRIVE LA GAILLARDE,,,,,,832073563,
